00,00,33,00,07,00,07,00,00,00,00,00,00,00,00,00,00,00,00,00,00,01,00,00,00,00,33,06,52,00,00,00,0d,00,00,01,03,00,00,00,01,5a,10,01,0a,00,00,00,00,00,00,00,00,00,00,00,00,00,00,00,00,00,00,00,00,00,00,00,00,00,00,00,00,00,00,00,00,00,00,00,00,00,00,00,00,00,00,00,00,00,00,00
09,00,53,00,13,00,07,00,00,00,00,00,00,00,00,00,00,00,00,00,00,03,00,00,00,00,33,05,02,00,00,00,00,00,00,00,03,00,00,00,00,00,00,01,00,00,00,00,00,00,00,00,00,00,00,00,00,00,00,00,00,00,00,00,00,00,00,00,00,00,00,00,00,00,00,00,00,00,00,00,00,00,00,00,00,00,00,00,00,00,00,00
15,00,53,00,1f,00,07,00,00,00,00,00,00,00,00,00,00,00,00,00,00,03,00,00,00,00,33,05,02,00,00,00,00,00,00,00,03,00,00,00,00,00,00,01,00,00,00,00,00,00,00,00,00,00,00,00,00,00,00,00,00,00,00,00,00,00,00,00,00,00,00,00,00,00,00,00,00,00,00,00,00,00,00,00,00,00,00,00,00,00,00,00
21,00,5f,00,2d,00,07,00,00,00,00,00,00,00,00,00,b2,00,b2,00,00,09,00,00,00,00,33,45,56,00,00,00,01,00,00,01,03,00,00,00,01,55,10,01,00,00,00,00,00,00,00,00,00,00,00,00,00,00,00,00,00,00,00,00,00,00,00,00,00,00,00,00,00,00,00,00,00,00,00,00,00,00,00,00,00,00,00,00,00,00,00,00
2f,00,54,00,3a,00,07,00,00,00,00,00,00,00,00,00,b3,00,b3,00,00,0a,00,00,00,00,33,45,56,00,00,00,01,00,00,01,03,00,00,00,01,82,09,01,00,00,00,00,00,00,00,00,00,00,64,00,00,00,00,00,00,00,00,00,00,00,00,00,00,00,00,00,00,00,00,00,00,00,00,00,00,00,00,00,00,00,00,00,00,00,00,00
3c,00,3a,00,44,00,07,00,00,00,00,00,00,00,00,00,b7,00,b7,00,00,09,00,00,00,00,33,45,06,00,00,00,00,00,00,00,03,00,00,00,00,00,00,01,00,00,00,00,00,00,00,00,00,00,00,00,00,00,00,00,00,00,00,00,00,00,00,00,00,00,00,00,00,00,00,00,00,00,00,00,00,00,00,00,00,01,00,00,00,00,00,00
46,00,5a,00,52,00,07,00,00,00,00,00,00,00,00,00,b8,00,b8,00,00,10,00,00,00,00,33,45,06,40,00,00,0c,00,00,00,03,00,00,00,00,00,00,01,00,00,00,00,00,00,00,00,00,00,00,00,00,00,00,00,00,00,00,00,00,00,00,00,00,00,00,00,00,00,00,00,00,00,00,00,00,00,00,00,00,00,00,00,00,00,00,00
54,00,77,00,63,00,07,00,00,00,00,00,00,00,00,00,00,00,00,00,00,08,00,00,00,00,31,47,06,00,00,00,00,00,00,00,03,00,00,00,00,00,00,00,00,00,00,00,00,00,00,00,00,00,00,00,00,00,00,00,00,00,00,00,00,00,00,00,00,00,00,00,00,00,00,00,00,00,00,00,00,00,00,00,00,00,00,00,00,00,00,00
65,00,56,00,70,00,07,00,00,00,00,00,00,00,00,00,b9,00,b9,00,00,03,00,00,00,00,3b,47,06,20,00,00,02,00,00,01,03,00,00,00,03,00,1c,01,00,00,00,00,00,00,00,00,00,00,00,00,00,00,00,00,00,00,00,00,00,00,00,00,00,00,00,00,00,00,00,00,00,00,00,00,00,00,00,00,00,00,00,00,00,00,00,00
72,00,6b,00,80,00,07,00,00,00,00,00,00,00,00,00,c6,00,c6,00,00,09,00,00,00,00,33,47,06,00,40,00,0d,00,00,01,03,00,00,00,01,00,1e,01,00,00,00,00,00,00,00,00,00,00,00,00,00,00,00,00,00,00,00,00,00,00,00,00,00,00,00,03,00,00,00,00,00,00,00,00,00,00,00,00,00,00,00,00,00,00,00,00
82,00,23,00,87,00,07,00,00,00,00,00,00,00,00,00,b0,00,b0,00,00,09,00,00,00,00,33,47,02,00,00,00,02,00,00,01,03,00,00,00,03,00,0c,01,00,00,00,00,00,00,00,00,00,00,0a,00,00,00,00,00,00,00,00,00,00,00,00,00,00,00,00,00,00,00,00,00,00,00,00,00,00,00,00,00,00,00,00,00,00,00,00,00
89,00,56,00,95,00,07,00,00,00,00,00,00,00,00,00,b1,00,b1,00,00,0a,00,00,00,00,3b,47,02,08,00,00,02,00,00,01,03,00,00,00,03,00,12,01,00,00,00,00,00,00,00,00,00,00,00,00,00,00,00,00,00,00,00,00,00,00,00,00,00,00,00,00,00,00,00,00,00,00,00,00,00,00,00,00,00,00,00,00,00,00,00,00
97,00,54,00,a2,00,07,00,00,00,00,00,00,00,00,00,b6,00,b6,00,00,03,00,00,00,00,3b,47,56,00,00,00,01,00,00,01,03,00,00,00,01,82,08,01,00,00,00,00,00,00,00,00,00,00,00,00,00,00,00,00,00,00,00,00,00,00,00,00,00,00,00,00,00,00,00,00,00,00,00,00,00,00,00,00,00,00,00,00,00,00,00,00
a4,00,58,00,b0,00,07,00,00,00,00,00,00,00,00,00,00,00,00,00,00,01,00,00,00,00,33,47,52,00,00,00,0d,00,00,01,03,00,00,00,01,64,10,01,0a,00,00,00,00,28,00,00,00,00,00,00,00,00,00,00,00,00,00,00,00,00,00,00,00,00,00,00,00,00,00,00,00,00,00,00,00,00,00,00,00,00,00,00,00,00,00,00
b2,00,44,00,ba,00,07,00,00,00,00,00,00,00,00,00,00,00,00,00,00,05,00,00,00,00,33,47,52,00,00,00,0d,00,00,01,03,00,00,00,01,55,23,01,5a,00,00,00,00,00,00,00,00,00,00,00,00,00,00,00,00,00,00,00,00,00,00,00,00,00,00,00,00,00,00,00,00,00,00,00,00,00,00,00,00,00,00,00,00,00,00,00
bc,00,3c,00,c4,00,07,00,00,00,00,00,00,00,00,00,4e,01,c4,00,00,03,00,00,00,00,33,07,06,00,02,00,02,00,00,00,03,00,00,00,00,00,00,01,00,00,00,00,00,00,00,00,00,00,00,78,00,00,00,00,00,00,00,00,00,00,00,00,00,00,00,00,00,00,00,00,00,00,00,00,00,00,00,00,00,00,00,00,00,00,00,00
c6,00,5a,00,d2,00,07,00,00,00,00,00,00,00,00,00,6e,00,6e,00,00,02,00,00,00,00,31,07,06,00,00,00,10,00,00,01,03,00,00,00,06,00,14,01,00,00,00,00,00,00,00,00,00,00,00,00,00,00,00,00,00,00,00,00,00,00,00,00,00,00,00,00,00,00,00,00,00,00,00,00,00,00,00,00,00,00,00,00,00,00,00,00
d4,00,22,00,da,00,07,00,00,00,00,00,00,00,00,00,bb,00,bb,00,00,0a,00,00,00,00,33,47,52,00,00,00,0d,00,00,01,03,00,00,00,01,78,10,01,00,00,00,00,00,00,00,00,00,00,00,00,00,00,00,00,00,00,00,00,00,00,00,00,00,00,00,00,00,00,00,00,00,00,00,00,00,00,00,00,00,00,00,00,00,00,00,00
dc,00,22,00,e2,00,07,00,00,00,00,00,00,00,00,00,bb,00,bb,00,00,0a,00,00,00,00,33,47,52,00,00,00,0d,00,00,01,03,00,00,00,01,8c,10,01,00,00,00,50,00,00,00,00,00,00,00,00,00,00,00,00,00,00,00,00,00,00,00,00,00,00,00,00,00,00,00,00,00,00,00,00,00,00,00,00,00,00,00,00,00,00,00,00
e4,00,69,00,f1,00,07,00,00,00,00,00,00,00,00,00,39,01,39,01,00,09,00,00,00,00,3b,47,02,00,00,00,02,00,00,01,03,00,00,00,03,00,16,01,00,01,00,00,00,00,00,00,00,00,00,00,00,00,00,00,00,00,00,00,00,00,00,00,00,00,00,00,00,00,00,00,00,00,00,00,00,00,00,00,00,00,00,00,00,00,00,00
f3,00,59,00,ff,00,07,00,00,00,00,00,00,00,00,00,38,01,38,01,00,03,00,00,00,00,33,47,06,00,00,00,00,00,00,00,03,00,00,00,00,00,00,01,00,00,00,00,00,00,00,00,00,00,00,00,00,00,00,00,00,00,00,00,00,00,00,00,00,00,00,00,00,00,00,00,00,00,00,00,00,00,00,00,00,01,00,00,00,00,00,00
01,01,5d,00,0d,01,07,00,00,00,00,00,00,00,00,00,b4,00,b4,00,00,09,00,00,00,00,33,47,52,00,00,00,02,00,00,01,03,00,00,00,03,64,16,01,00,08,00,00,00,00,00,00,00,00,00,00,00,00,00,00,00,00,00,00,00,00,00,00,00,00,00,00,00,00,00,00,00,00,00,00,00,00,00,00,00,00,00,00,00,00,00,00
0f,01,54,00,1a,01,07,00,00,00,00,00,00,00,00,00,45,00,45,00,00,09,00,00,00,00,3b,47,06,00,00,00,01,00,00,01,03,00,00,00,01,78,0d,01,00,00,00,00,00,00,00,00,00,00,00,00,00,00,00,00,00,00,00,00,00,00,00,00,00,00,00,00,00,03,00,00,00,00,00,00,00,00,00,00,00,00,00,00,00,00,00,00
1c,01,44,00,24,01,07,00,00,00,00,00,00,00,00,00,00,00,00,00,00,03,00,00,00,00,33,47,02,00,00,00,01,00,00,01,03,00,00,00,01,00,1e,01,00,00,00,00,00,00,00,00,00,00,00,00,00,00,00,00,00,00,00,00,00,00,00,00,00,00,00,00,00,00,00,00,00,00,00,00,00,00,00,00,00,00,00,00,00,00,00,00
26,01,5a,00,32,01,07,00,00,00,00,00,00,00,00,00,00,00,00,00,00,03,00,00,00,00,31,45,02,00,00,00,00,00,00,00,03,00,00,00,00,00,00,01,00,00,00,00,00,00,00,00,00,00,00,00,00,00,00,00,00,00,00,00,00,00,00,00,00,00,00,00,00,00,00,00,00,00,00,00,00,00,00,00,00,00,00,00,00,00,00,00
34,01,38,00,3c,01,07,00,00,00,00,00,00,00,00,00,00,00,00,00,00,07,00,00,00,00,71,45,02,00,00,00,00,00,00,00,03,00,00,00,00,00,00,01,00,00,00,00,00,00,00,00,00,00,00,00,00,00,00,00,00,00,00,00,00,00,00,00,00,00,00,00,00,00,00,00,00,00,00,00,00,00,00,00,00,00,00,00,00,00,00,00
3e,01,29,00,44,01,07,00,00,00,00,00,00,00,00,00,00,00,00,00,00,08,00,00,00,00,33,45,52,00,00,00,01,00,00,01,03,00,00,00,01,46,0a,01,64,00,00,00,00,00,00,00,00,00,00,00,00,00,00,00,00,00,00,00,00,00,00,00,00,00,00,00,00,00,00,00,00,00,00,00,00,00,00,00,00,00,00,00,00,00,00,00
46,01,33,00,4d,01,07,00,00,00,00,00,00,00,00,00,ab,00,ab,00,00,09,00,00,00,00,3b,47,02,00,00,00,02,00,00,01,03,00,00,00,03,00,12,01,00,01,00,00,00,00,00,00,00,00,00,00,00,00,00,00,00,00,00,00,00,00,00,00,00,00,00,00,00,00,00,00,00,00,00,00,00,00,00,00,00,00,00,00,00,00,00,00
4f,01,33,00,56,01,07,00,00,00,00,00,00,00,00,00,ac,00,ac,00,00,0a,00,00,00,00,3b,47,02,00,00,00,02,00,00,01,03,00,00,00,03,00,12,01,00,02,00,00,00,00,00,00,00,00,00,00,00,00,00,00,00,00,00,00,00,00,00,00,00,00,00,00,00,00,00,00,00,00,00,00,00,00,00,00,00,00,00,00,00,00,00,00
58,01,33,00,5f,01,07,00,00,00,00,00,00,00,00,00,ad,00,ad,00,00,0b,00,00,00,00,3b,47,02,00,00,00,02,00,00,01,03,00,00,00,03,00,12,01,00,04,00,00,00,00,00,00,00,00,00,00,00,00,00,00,00,00,00,00,00,00,00,00,00,00,00,00,00,00,00,00,00,00,00,00,00,00,00,00,00,00,00,00,00,00,00,00
61,01,33,00,68,01,07,00,00,00,00,00,00,00,00,00,ae,00,ae,00,00,0a,00,00,00,00,3b,47,02,00,00,00,02,00,00,01,03,00,00,00,03,00,13,01,00,01,00,00,00,00,00,00,00,00,00,00,00,00,00,00,00,00,00,00,00,00,00,00,00,00,00,00,00,00,00,00,00,00,00,00,00,00,00,00,00,00,00,00,00,00,00,00
6a,01,2b,00,71,01,07,00,00,00,00,00,00,00,00,00,2c,01,2c,01,00,03,00,00,00,00,33,47,52,00,00,00,01,00,00,01,03,00,00,00,01,78,10,01,00,00,00,00,00,00,00,00,00,00,00,00,00,00,00,00,00,00,00,00,00,00,00,00,00,00,00,00,00,00,00,00,00,00,00,00,00,00,00,00,00,00,00,00,00,00,00,00
73,01,10,00,77,01,07,00,00,00,00,00,00,00,00,00,2d,01,2d,01,00,04,00,00,00,00,3b,47,02,00,00,00,02,00,00,01,03,00,00,00,03,00,10,01,00,00,00,00,00,00,00,00,00,00,00,00,00,00,00,00,00,00,00,00,00,00,00,00,00,00,00,00,00,00,00,00,00,00,00,00,00,00,00,00,00,00,00,00,00,00,00,00
79,01,54,00,84,01,07,00,00,00,00,00,00,00,00,00,bd,00,bd,00,00,0c,00,00,00,00,3b,47,06,00,00,00,02,00,00,01,03,00,00,00,03,00,0e,01,00,00,00,00,00,00,00,00,00,00,00,00,00,00,00,00,00,00,00,00,00,00,00,00,00,00,00,00,00,00,00,00,00,00,00,00,00,00,00,00,00,00,00,00,00,00,00,00
86,01,5d,00,92,01,07,00,00,00,00,00,00,00,00,00,19,01,19,01,00,0b,00,00,00,00,33,47,06,00,00,00,02,00,00,01,03,00,00,00,03,00,2c,01,00,00,00,00,00,00,00,00,00,00,00,00,00,00,00,00,00,00,00,00,00,00,00,00,00,00,00,00,00,00,00,00,00,00,00,00,00,00,00,00,00,00,00,00,00,00,00,00
94,01,79,00,a4,01,07,00,00,00,00,00,00,00,00,00,1a,01,1a,01,00,0a,00,00,00,00,3b,47,06,00,00,00,00,00,00,01,03,00,00,00,03,00,1e,01,00,00,00,00,00,00,00,00,00,00,00,00,00,00,00,00,00,00,00,00,00,00,00,00,00,00,00,00,00,00,00,00,00,00,00,00,00,00,00,00,00,00,00,00,00,00,00,00
a6,01,22,00,ab,01,07,00,00,00,00,00,00,00,00,00,00,00,00,00,00,06,00,00,00,00,33,47,56,00,00,00,0d,00,00,01,03,00,00,00,01,96,19,01,00,00,00,00,00,00,00,00,00,00,00,00,00,00,00,00,00,00,00,00,00,00,00,00,00,00,00,00,00,00,00,00,00,00,00,00,00,00,00,00,00,00,00,00,00,00,00,00
ad,01,33,00,b4,01,07,00,00,00,00,00,00,00,00,00,48,00,48,00,00,03,00,00,00,00,3b,47,06,00,00,00,02,00,00,00,03,00,00,00,03,00,00,01,00,00,00,00,50,00,00,00,00,00,00,00,00,00,00,00,00,00,00,00,00,00,00,00,00,00,00,00,00,00,00,00,00,00,00,00,00,00,00,00,00,00,00,00,00,00,00,00
b6,01,33,00,bd,01,07,00,00,00,00,00,00,00,00,00,00,00,00,00,00,01,00,00,00,00,33,47,52,00,00,00,0d,00,00,01,03,00,00,00,01,6e,10,01,0a,00,00,00,00,00,00,00,00,00,00,00,00,00,00,00,00,00,00,00,00,00,00,00,00,00,00,00,00,00,00,00,00,00,00,00,00,00,00,00,00,00,00,00,00,00,00,00
bf,01,34,00,c6,01,07,00,00,00,00,00,00,00,00,00,00,00,00,00,00,05,00,00,00,00,3b,47,06,00,00,00,01,00,00,01,03,00,00,00,01,00,0d,01,00,00,00,00,00,00,00,00,00,00,00,00,00,00,00,00,00,00,00,00,00,00,00,00,00,00,00,00,00,00,00,00,00,00,00,00,00,00,00,00,00,00,00,00,00,00,00,00
c8,01,69,00,d6,01,07,00,00,00,00,00,00,00,00,00,10,01,10,01,00,03,00,00,00,00,33,47,56,00,00,00,0d,00,00,01,03,00,00,14,01,5f,19,01,00,00,00,00,00,00,00,00,00,00,00,00,00,00,00,00,00,00,00,00,00,00,00,00,00,00,00,00,00,00,00,00,00,00,00,00,00,00,00,00,00,00,00,00,00,00,00,00
d8,01,59,00,e4,01,07,00,00,00,00,00,00,00,00,00,cf,00,cf,00,00,09,00,00,00,00,33,47,06,00,00,00,02,00,00,01,03,00,00,00,03,00,20,01,00,04,00,00,00,00,00,00,00,00,00,00,00,00,00,00,00,00,00,00,00,00,00,00,00,00,00,00,00,00,00,00,00,00,00,00,00,00,00,00,00,00,00,00,00,00,00,00
e6,01,56,00,f1,01,07,00,00,00,00,00,00,00,00,00,2a,01,2a,01,00,09,00,00,00,00,3b,47,06,20,01,00,01,00,00,01,03,00,00,00,03,00,16,01,00,00,00,00,00,00,00,00,00,00,00,00,00,00,00,00,00,00,00,00,00,00,00,00,00,00,00,00,00,00,00,00,00,00,00,00,00,00,00,00,00,00,00,00,00,00,00,00
f3,01,56,00,fe,01,07,00,00,00,00,00,00,00,00,00,2b,01,2b,01,00,0a,00,00,00,00,3b,47,06,00,00,00,02,00,00,00,03,00,00,00,03,00,00,01,00,00,00,00,00,00,00,00,00,00,14,00,00,00,00,50,50,00,00,00,00,00,00,00,00,00,14,00,03,03,00,00,00,00,00,00,00,00,00,05,00,00,00,00,00,00,00,00
00,02,2b,00,07,02,07,00,00,00,00,00,00,00,00,00,79,01,79,01,00,09,00,00,00,00,3b,47,06,00,00,00,02,00,00,00,03,00,00,00,03,00,00,01,00,00,00,00,00,00,00,00,00,00,00,00,00,00,50,00,00,00,00,00,00,00,00,00,00,00,00,02,00,00,00,00,00,00,00,00,00,00,00,00,00,00,00,00,00,00,00,00
09,02,2b,00,10,02,07,00,00,00,00,00,00,00,00,00,79,01,79,01,00,09,00,00,00,00,3b,47,06,00,00,00,02,00,00,00,03,00,00,00,03,00,00,01,00,00,00,00,00,00,00,00,00,00,00,00,00,00,50,00,50,00,00,00,00,00,00,00,00,00,00,03,00,03,00,00,00,00,00,00,00,00,00,00,00,00,00,00,00,00,00,00
12,02,2b,00,19,02,07,00,00,00,00,00,00,00,00,00,79,01,79,01,00,09,00,00,00,00,3b,47,06,00,00,00,02,00,00,00,03,00,00,00,03,00,00,01,00,00,00,00,00,50,00,00,00,00,00,00,00,00,00,50,50,00,00,00,00,00,00,00,00,00,00,00,03,03,00,00,00,00,00,00,00,00,00,00,00,00,00,00,00,00,00,00
1b,02,4e,00,25,02,07,00,00,00,00,00,00,00,00,00,be,00,be,00,00,09,00,00,00,00,3b,47,06,00,00,00,02,00,00,01,03,00,00,00,03,00,20,01,00,00,00,00,00,00,00,00,00,00,00,00,00,00,00,00,00,00,00,00,00,00,00,00,00,00,00,00,00,00,00,00,00,00,00,00,00,00,00,00,00,00,00,00,00,00,00,00
27,02,23,00,2c,02,07,00,00,00,00,00,00,00,00,00,00,00,00,00,00,05,00,00,00,00,31,47,56,00,00,00,01,00,00,01,03,00,00,00,01,55,18,01,00,00,00,00,00,00,00,00,00,00,00,00,00,00,00,00,00,00,00,00,00,00,00,00,00,00,00,00,00,00,00,00,00,00,00,00,00,00,00,00,00,00,00,00,00,00,00,00
2e,02,64,00,3b,02,07,00,00,00,00,00,00,00,00,00,64,01,64,01,00,09,00,00,00,00,33,47,06,00,00,00,00,00,00,01,03,00,00,00,06,00,14,01,00,00,00,00,00,00,00,00,00,00,00,00,00,00,00,00,00,00,00,00,00,00,00,00,00,00,00,00,00,00,00,00,00,00,00,00,00,00,00,00,00,00,00,00,00,00,00,00
3d,02,6d,00,4b,02,07,00,00,00,00,00,00,00,00,00,65,01,65,01,00,0a,00,00,00,00,33,47,06,00,00,00,80,00,00,01,03,00,00,00,06,00,c8,01,00,00,00,00,00,00,00,00,00,00,00,00,00,00,00,00,00,00,00,00,00,00,00,00,00,00,00,00,00,00,00,00,00,00,00,00,00,00,00,00,00,00,00,00,00,00,00,00
4d,02,48,00,56,02,07,00,00,00,00,00,00,00,00,00,00,00,00,00,00,05,00,00,00,00,33,47,06,00,00,00,00,00,00,00,03,00,00,00,00,00,00,01,00,00,00,00,00,00,00,00,00,00,00,00,00,00,00,00,00,00,00,00,00,00,00,00,00,00,00,00,00,00,00,00,00,00,00,00,00,00,00,00,00,00,00,00,00,00,00,00
58,02,59,00,64,02,07,00,00,00,00,00,00,00,00,00,ba,00,ba,00,00,0a,00,00,00,00,33,47,06,20,00,00,00,00,00,01,03,00,00,00,05,00,08,01,00,00,00,00,00,00,00,00,00,00,00,00,00,00,00,00,00,00,00,00,00,00,00,00,00,00,00,00,00,00,00,00,00,00,00,00,00,00,00,00,00,00,00,00,00,00,00,00
66,02,4a,00,6f,02,07,00,00,00,00,00,00,00,00,00,00,00,00,00,00,08,00,00,00,00,33,47,06,00,00,00,0d,00,00,01,03,00,00,00,01,00,1e,01,23,00,00,00,00,00,00,00,00,00,00,00,00,00,00,00,00,00,00,00,00,00,00,00,00,00,00,00,00,00,00,00,00,00,00,00,00,00,00,00,00,00,00,00,00,00,00,00
71,02,33,00,78,02,07,00,00,00,00,00,00,00,00,00,00,00,00,00,00,01,00,00,00,00,33,47,52,00,00,00,0d,00,00,01,03,00,00,00,01,78,10,01,00,00,00,00,00,50,00,00,00,00,00,00,00,00,00,00,00,00,00,00,00,00,00,00,00,00,00,00,00,00,00,00,00,00,00,00,00,00,00,00,00,00,00,00,00,00,00,00
7a,02,23,00,7f,02,07,00,00,00,00,00,00,00,00,00,00,00,00,00,00,05,00,00,00,00,73,47,02,00,00,00,00,00,00,00,03,00,00,00,00,00,00,01,00,00,00,00,00,00,00,00,00,00,00,00,00,00,00,00,00,00,00,00,00,00,00,00,00,00,00,00,00,00,00,00,00,00,00,00,00,00,00,00,00,00,00,00,00,00,00,00
81,02,55,00,8c,02,07,00,00,00,00,00,00,00,00,00,12,01,12,01,00,0a,00,00,00,00,33,47,06,00,00,00,00,00,00,00,03,00,00,00,03,00,00,01,00,00,00,00,32,00,00,00,00,00,00,00,00,00,00,00,00,00,00,00,00,00,00,00,00,00,00,00,00,00,00,00,00,00,00,00,00,00,00,00,00,00,00,00,00,00,00,00
8e,02,47,00,99,02,07,00,00,00,00,00,00,00,00,00,14,01,14,01,00,09,00,00,00,00,3b,47,06,00,00,00,02,00,00,01,03,00,00,00,03,00,11,01,00,00,00,00,00,00,00,00,00,00,00,00,00,00,00,00,00,00,00,00,00,00,00,00,00,00,00,00,00,00,00,00,00,00,00,00,00,00,00,00,00,00,00,00,00,00,00,00
9b,02,76,00,aa,02,07,00,00,00,00,00,00,00,00,00,18,01,18,01,00,09,00,00,00,00,3b,47,06,00,00,00,02,00,00,01,03,00,00,00,03,00,22,01,00,00,00,00,00,00,00,00,00,00,00,00,00,00,00,00,00,00,00,00,00,00,00,00,00,00,00,00,00,00,00,00,00,00,00,00,00,00,00,00,00,00,00,00,00,00,00,00
ac,02,70,00,ba,02,07,00,00,00,00,00,00,00,00,00,00,00,00,00,00,12,00,00,00,00,33,47,02,00,00,00,00,00,00,00,03,00,00,00,00,00,00,01,00,00,00,00,00,00,00,00,00,00,00,00,00,00,00,00,00,00,00,00,00,00,00,00,00,00,00,00,00,00,00,00,00,00,00,00,00,00,00,00,00,00,00,00,00,00,00,00
bc,02,45,00,c5,02,07,00,00,00,00,00,00,00,00,00,00,00,00,00,00,07,00,00,00,00,33,47,06,00,00,00,00,00,00,00,03,00,00,00,00,00,00,01,00,00,00,00,00,00,00,00,00,00,00,00,00,00,00,00,00,00,00,00,00,00,00,00,00,00,00,00,00,00,00,00,00,00,00,00,00,00,00,00,00,00,00,00,00,00,00,00
c7,02,56,00,d2,02,07,00,00,00,00,00,00,00,00,00,96,00,96,00,00,03,00,00,00,00,3b,45,06,00,00,40,02,00,00,01,03,00,00,00,03,00,1a,01,00,00,00,00,00,00,00,00,00,00,00,00,00,00,00,00,00,00,00,00,00,00,00,00,00,00,00,00,00,00,00,00,00,00,00,00,00,00,00,00,00,00,00,00,00,00,00,00
d4,02,22,00,d9,02,07,00,00,00,00,00,00,00,00,00,00,00,00,00,00,05,00,00,00,00,33,47,02,00,00,00,00,00,00,00,03,00,00,00,00,00,00,01,00,00,00,00,00,00,00,00,00,00,00,00,00,00,00,00,00,00,00,00,00,00,00,00,00,00,00,00,00,00,00,00,00,00,00,00,00,00,00,00,00,00,00,00,00,00,00,00
db,02,2e,00,e1,02,07,00,00,00,00,00,00,00,00,00,00,00,00,00,00,06,00,00,00,00,33,47,02,00,00,00,00,00,00,00,03,00,00,00,00,00,00,01,00,00,00,00,00,00,00,00,00,00,00,00,00,00,00,00,00,00,00,00,00,00,00,00,00,00,00,00,00,00,00,00,00,00,00,00,00,00,00,00,00,00,00,00,00,00,00,00
e3,02,2e,00,e9,02,07,00,00,00,00,00,00,00,00,00,00,00,00,00,00,07,00,00,00,00,33,47,02,00,00,00,00,00,00,00,03,00,00,00,00,00,00,01,00,00,00,00,00,00,00,00,00,00,00,00,00,00,00,00,00,00,00,00,00,00,00,00,00,00,00,00,00,00,00,00,00,00,00,00,00,00,00,00,00,00,00,00,00,00,00,00
eb,02,2e,00,f1,02,07,00,00,00,00,00,00,00,00,00,00,00,00,00,00,08,00,00,00,00,33,47,02,00,00,00,00,00,00,00,03,00,00,00,00,00,00,01,00,00,00,00,00,00,00,00,00,00,00,00,00,00,00,00,00,00,00,00,00,00,00,00,00,00,00,00,00,00,00,00,00,00,00,00,00,00,00,00,00,00,00,00,00,00,00,00
f3,02,6b,00,01,03,07,00,00,00,00,00,00,00,00,00,37,01,37,01,00,0a,00,00,00,00,73,47,06,00,41,00,01,00,00,01,03,00,00,00,06,00,0c,01,00,01,00,00,00,00,00,00,00,00,00,00,00,00,00,00,00,00,00,00,00,00,00,00,00,00,00,00,00,00,00,00,00,00,00,00,00,00,00,00,00,00,00,00,00,00,00,00
03,03,23,00,08,03,07,00,00,00,00,00,00,00,00,00,00,00,00,00,00,01,00,00,00,00,33,47,52,00,00,00,0d,00,00,01,03,00,00,00,01,78,10,01,00,01,00,00,00,00,00,00,00,00,00,00,00,00,00,00,00,00,00,00,00,00,00,00,00,00,00,00,00,00,00,00,00,00,00,00,00,00,00,00,00,00,00,00,00,00,00,00
0a,03,7c,00,1a,03,07,00,00,00,00,00,00,00,00,00,52,01,6d,01,00,03,00,00,00,00,33,45,06,00,02,00,00,00,00,00,03,00,00,00,03,00,00,01,00,00,00,00,00,82,00,00,00,00,00,00,00,00,00,96,96,00,00,00,00,00,00,00,00,00,00,03,fe,fe,00,00,00,00,00,00,00,00,00,00,00,04,00,00,00,00,00,00
1c,03,41,00,25,03,07,00,00,00,00,00,00,00,00,00,00,00,00,00,00,12,00,00,00,00,33,47,06,00,00,00,00,00,00,00,03,00,00,00,00,00,00,01,00,00,00,00,00,00,00,00,00,00,00,00,00,00,00,00,00,00,00,00,00,00,00,00,00,00,00,00,00,00,00,00,00,00,00,00,00,00,00,00,00,00,00,00,00,00,00,00
27,03,4a,00,32,03,07,00,00,00,00,00,00,00,00,00,bf,00,bf,00,00,0a,00,00,00,00,3b,47,06,00,00,00,02,00,00,01,03,00,00,00,03,00,13,01,00,01,00,00,00,00,00,00,00,00,00,00,00,00,00,00,00,00,00,00,00,00,00,00,00,00,00,00,00,00,00,00,00,00,00,00,00,00,00,00,00,00,00,00,00,00,00,00
34,03,4a,00,3f,03,07,00,00,00,00,00,00,00,00,00,bf,00,bf,00,00,0a,00,00,00,00,3b,47,06,00,01,00,02,00,00,01,03,00,00,00,04,00,13,01,00,01,00,00,00,00,00,00,00,00,00,00,00,00,00,00,00,00,00,00,00,00,00,00,00,00,00,00,00,00,00,00,00,00,00,00,00,00,00,00,00,00,00,00,00,00,00,00
41,03,6b,00,4f,03,07,00,00,00,00,00,00,00,00,00,37,01,37,01,00,0a,00,00,00,00,33,47,06,00,41,00,01,00,00,01,03,00,00,00,06,00,24,01,00,01,00,00,00,00,00,00,00,00,00,00,00,00,00,00,00,00,00,00,00,00,00,00,00,00,00,00,00,00,00,00,00,00,00,00,00,00,00,00,00,00,00,00,00,00,00,00
51,03,6b,00,5f,03,07,00,00,00,00,00,00,00,00,00,37,01,37,01,00,0a,00,00,00,00,33,47,06,00,41,00,01,00,00,01,03,00,00,00,06,00,32,01,00,01,00,00,00,00,00,00,00,00,00,00,00,00,00,00,00,00,00,00,00,00,00,00,00,00,00,00,00,00,00,00,00,00,00,00,00,00,00,00,00,00,00,00,00,00,00,00
61,03,6b,00,6f,03,07,00,00,00,00,00,00,00,00,00,37,01,37,01,00,0a,00,00,00,00,33,47,06,00,41,00,01,00,00,01,03,00,00,00,06,00,14,01,00,01,00,00,00,00,00,00,00,00,00,00,00,00,00,00,00,00,00,00,00,00,00,00,00,00,00,00,00,00,00,00,00,00,00,00,00,00,00,00,00,00,00,00,00,00,00,00
71,03,2b,00,77,03,07,00,00,00,00,00,00,00,00,00,62,00,62,00,00,09,00,00,00,00,33,47,86,00,02,00,00,00,00,00,03,00,00,00,03,00,00,01,00,00,fe,00,00,00,00,00,00,00,00,00,00,00,00,00,00,00,00,00,00,00,00,00,00,00,00,00,00,00,00,00,00,00,00,00,00,00,00,00,00,00,00,00,00,00,00,00
79,03,26,00,7e,03,07,00,00,00,00,00,00,00,00,00,bc,00,bc,00,00,0a,00,00,00,00,33,47,06,00,02,00,00,00,00,00,03,00,00,00,03,00,00,01,00,00,00,00,00,00,00,00,00,00,00,00,00,00,00,00,00,00,00,00,00,00,00,00,00,00,00,00,00,00,00,00,00,00,00,00,00,00,00,00,00,40,00,00,00,00,00,00
80,03,5d,00,8c,03,07,00,00,00,00,00,00,00,00,00,80,01,80,01,00,09,00,00,00,00,3b,47,06,00,00,00,02,00,00,01,03,00,00,00,04,00,11,01,00,08,00,00,00,00,00,00,00,00,00,00,00,00,00,00,00,00,00,00,00,00,00,00,00,00,00,00,00,00,00,00,00,00,00,00,00,00,00,00,00,00,00,00,00,00,00,00
8e,03,6c,00,9c,03,07,00,00,00,00,00,00,00,00,00,7e,01,7e,01,00,0a,00,00,00,00,33,47,06,00,00,00,02,00,00,01,03,00,00,00,03,00,23,01,00,01,00,00,00,00,00,00,00,00,00,00,00,00,00,00,00,00,00,00,00,00,00,00,00,00,00,00,00,00,00,00,00,00,00,00,00,00,00,00,00,00,00,00,00,00,00,00
9e,03,34,00,a6,03,07,00,00,00,00,00,00,00,00,00,53,01,6e,01,00,03,00,00,00,00,33,07,86,00,02,00,00,00,00,00,03,00,00,00,03,00,00,01,00,00,00,00,00,00,00,00,00,00,00,00,00,00,00,96,00,00,00,00,00,00,00,00,00,00,00,00,03,00,00,00,00,00,00,00,00,00,00,00,00,00,00,00,00,00,00,00
a8,03,30,00,af,03,07,00,00,00,00,00,00,00,00,00,c8,00,c8,00,00,09,00,00,00,00,33,47,56,00,00,00,01,00,00,01,03,00,00,00,01,b4,24,01,00,00,00,00,00,00,00,00,00,00,00,00,00,00,00,00,00,00,00,00,00,00,00,00,00,00,00,00,00,00,00,00,00,00,00,00,00,00,00,00,00,00,00,00,00,00,00,00
b1,03,56,00,bd,03,07,00,00,00,00,00,00,00,00,00,66,01,66,01,00,09,00,00,00,00,3b,47,06,00,00,00,02,00,00,01,03,00,00,00,03,00,0c,01,00,00,00,00,00,82,00,00,00,00,32,00,00,00,00,00,00,00,00,00,00,00,00,00,00,00,00,00,00,00,00,00,00,00,00,00,00,00,00,00,00,00,00,00,00,00,00,00
bf,03,26,00,c4,03,07,00,00,00,00,00,00,00,00,00,c7,00,c7,00,00,0a,00,00,00,00,33,47,02,00,00,00,01,00,00,01,03,00,00,00,01,00,10,01,00,00,00,00,00,00,00,00,00,00,00,00,00,00,00,00,00,00,00,00,00,00,00,00,00,00,00,00,00,00,00,00,00,00,00,00,00,00,00,00,00,00,00,00,00,00,00,00
c6,03,54,00,d1,03,07,00,00,00,00,00,00,00,00,00,c1,00,c1,00,00,0a,00,00,00,00,3b,47,06,00,00,00,00,00,00,00,03,00,00,00,03,00,00,01,00,00,00,00,00,96,00,00,00,00,50,1e,00,00,00,64,64,00,00,00,00,00,00,00,00,00,82,03,03,03,00,00,00,00,00,00,00,00,00,03,00,00,00,00,00,00,00,00
d3,03,65,00,e1,03,07,00,00,00,00,00,00,00,00,00,c2,00,c2,00,00,0b,00,00,00,00,33,47,52,00,00,00,01,00,00,01,03,00,00,00,02,82,10,01,00,00,00,00,00,00,00,00,00,00,00,00,00,00,00,00,00,00,00,00,00,00,00,00,00,00,00,00,00,00,00,00,00,00,00,00,00,00,00,00,00,00,00,00,00,00,00,00
e3,03,33,00,ea,03,07,00,00,00,00,00,00,00,00,00,00,00,00,00,00,01,00,00,00,00,33,47,52,00,00,00,0d,00,00,01,03,00,00,00,01,6e,10,01,0a,00,00,00,00,50,00,00,00,00,00,00,00,00,00,00,00,00,00,00,00,00,00,00,00,00,00,00,00,00,00,00,00,00,00,00,00,00,00,00,00,00,00,00,00,00,00,00
ec,03,2e,00,f2,03,07,00,00,00,00,00,00,00,00,00,69,01,69,01,00,03,00,00,00,00,33,47,02,00,00,00,01,00,00,01,03,00,00,00,01,00,20,01,00,00,00,00,00,00,00,00,00,00,00,00,00,00,00,00,00,00,00,00,00,00,00,00,00,00,00,00,00,00,00,00,00,00,00,00,00,00,00,00,00,00,00,00,00,00,00,00
f4,03,44,00,fe,03,07,00,00,00,00,00,00,00,00,00,c3,00,c3,00,00,0c,00,00,00,00,3b,47,02,00,00,00,02,00,00,01,03,00,00,00,02,00,0a,01,00,00,00,00,00,00,00,00,00,00,00,00,00,00,00,00,00,00,00,00,00,00,00,00,00,00,00,00,00,00,00,00,00,00,00,00,00,00,00,00,00,00,00,00,00,00,00,00
00,04,6b,00,0e,04,07,00,00,00,00,00,00,00,00,00,11,01,11,01,00,03,00,00,00,00,3b,47,06,20,00,00,01,00,00,01,03,00,00,00,02,00,20,01,00,00,00,00,00,00,00,00,00,00,00,00,00,00,00,00,00,00,00,00,00,00,00,00,00,00,00,00,00,00,00,00,00,00,00,00,00,00,00,00,00,00,00,00,00,00,00,00
10,04,23,00,15,04,07,00,00,00,00,00,00,00,00,00,00,00,00,00,00,01,00,00,00,00,33,47,52,00,00,00,0d,00,00,01,03,00,00,00,05,78,04,01,00,00,00,00,00,00,00,00,00,00,00,00,00,00,00,00,00,00,00,00,00,00,00,00,00,00,00,00,00,00,00,00,00,00,00,00,00,00,00,00,00,00,00,00,00,00,00,00
17,04,4f,00,22,04,07,00,00,00,00,00,00,00,00,00,a2,01,a2,01,00,03,00,00,00,00,3b,45,06,00,00,00,30,00,00,01,03,00,00,00,05,00,08,01,00,00,00,ff,ff,ff,00,00,00,00,ff,ff,ff,ff,ff,ff,ff,00,00,00,00,00,00,00,00,00,ff,00,00,00,00,00,00,00,00,00,00,00,00,00,00,00,00,00,00,00,00,00
24,04,64,00,31,04,07,00,00,00,00,00,00,00,00,00,3b,02,3b,02,00,03,00,00,00,00,3b,45,06,00,00,00,00,00,00,00,03,00,00,00,03,00,00,01,00,00,00,00,00,00,00,00,00,00,00,00,00,00,00,00,00,ff,ff,00,ff,ff,ff,ff,00,00,00,00,00,00,fe,fe,00,01,01,01,01,00,00,00,00,00,00,00,00,00,00,00
33,04,33,00,3a,04,07,00,00,00,00,00,00,00,00,00,00,00,00,00,00,01,00,00,00,00,33,47,52,00,00,00,0d,00,00,01,03,00,00,00,01,3c,08,01,00,00,00,00,00,00,00,00,00,00,00,00,00,00,00,00,00,00,00,00,00,00,00,00,00,00,00,00,00,00,00,00,00,00,00,00,00,00,00,00,00,00,00,00,00,00,00,00
3c,04,57,00,48,04,07,00,00,00,00,00,00,00,00,00,95,00,95,00,00,03,00,00,00,00,33,45,06,20,00,00,01,00,00,01,03,00,00,00,01,00,08,01,00,00,00,00,00,00,00,00,00,00,00,00,00,00,00,00,00,00,00,00,00,00,00,00,00,00,00,00,00,00,00,00,00,00,00,00,00,00,00,00,00,00,00,00,00,00,00,00
4a,04,37,00,53,04,07,00,00,00,00,00,00,00,00,00,33,01,33,01,00,03,00,00,00,00,3b,45,06,00,00,40,00,00,00,01,03,00,00,00,03,00,46,01,00,01,00,00,00,00,00,00,00,00,00,00,00,00,00,00,00,00,00,00,00,00,00,00,00,00,00,00,00,00,00,00,00,00,00,00,00,00,00,00,00,00,00,00,00,00,00,00
55,04,52,00,60,04,07,00,00,00,00,00,00,00,00,00,aa,00,aa,00,00,03,00,00,00,00,3b,45,06,00,00,40,00,00,00,01,03,00,00,00,03,00,2c,01,00,00,00,00,00,00,00,00,00,00,00,00,00,00,00,00,00,00,00,00,00,00,00,00,00,00,00,00,00,00,00,00,00,00,00,00,00,00,00,00,00,00,00,00,00,00,00,00
62,04,2f,00,68,04,07,00,00,00,00,00,00,00,00,00,0f,01,0f,01,00,09,00,00,00,00,33,47,06,00,00,00,80,00,00,01,03,00,00,00,16,00,0a,01,00,00,00,00,00,00,00,00,00,00,00,00,00,00,00,00,00,00,00,00,00,00,00,00,00,00,00,00,00,00,00,00,00,00,00,00,00,00,00,00,00,00,00,00,00,00,00,00
6a,04,36,00,71,04,07,00,00,00,00,00,00,00,00,00,13,01,13,01,00,0a,00,00,00,00,33,47,06,00,00,00,00,00,00,01,03,00,00,00,06,00,c8,01,00,00,00,00,00,00,00,00,00,00,00,00,00,00,00,00,00,00,00,00,00,00,00,00,00,00,00,00,00,00,00,00,00,00,00,00,00,00,00,00,00,00,00,00,00,00,00,00
73,04,33,00,7a,04,07,00,00,00,00,00,00,00,00,00,00,00,00,00,00,01,00,00,00,00,33,07,02,00,00,00,0d,00,00,01,03,00,00,00,01,00,14,01,0a,00,00,00,00,00,00,00,00,00,00,00,00,00,00,00,00,00,00,00,00,00,00,00,00,00,00,00,00,00,00,00,00,00,00,00,00,00,00,00,00,00,00,00,00,00,00,00
7c,04,73,00,8b,04,07,00,00,00,00,00,00,00,00,00,00,00,00,00,00,13,00,00,00,00,33,47,02,00,00,00,00,00,00,00,03,00,00,00,00,00,00,01,00,00,00,00,00,00,00,00,00,00,00,00,00,00,00,00,00,00,00,00,00,00,00,00,00,00,00,00,00,00,00,00,00,00,00,00,00,00,00,00,00,00,00,00,00,00,00,00
8d,04,4e,00,97,04,07,00,00,00,00,00,00,00,00,00,47,00,47,00,00,03,00,00,00,00,33,45,06,00,00,00,21,00,00,01,03,00,00,00,01,00,16,01,00,00,00,00,00,00,00,00,00,00,00,00,00,00,00,00,00,fe,fe,fe,fe,fe,fe,fe,fe,fe,00,00,00,00,fe,fe,fe,fe,fe,fe,fe,fe,fe,00,00,00,00,00,00,00,00,00
99,04,70,00,a7,04,07,00,00,00,00,00,00,00,00,00,9b,00,9b,00,00,03,00,00,00,00,3b,45,06,00,00,40,00,00,00,01,03,00,00,00,03,00,28,01,00,04,00,00,00,00,00,00,00,00,00,00,00,00,00,00,00,00,00,00,00,00,00,00,00,00,00,00,00,00,00,00,00,00,00,00,00,00,00,00,00,00,00,00,00,00,00,00
a9,04,2d,00,af,04,07,00,00,00,00,00,00,00,00,00,c9,00,c9,00,00,0a,00,00,00,00,33,45,06,00,00,00,0d,00,00,01,03,00,00,21,01,00,1c,01,00,00,00,00,00,00,00,00,00,00,00,00,00,00,00,00,00,00,00,00,00,00,00,00,00,00,00,00,00,00,00,00,00,00,00,00,00,00,00,00,00,00,00,00,00,00,00,00
b1,04,25,00,b6,04,07,00,00,00,00,00,00,00,00,00,1b,01,1b,01,00,03,00,00,00,00,3b,45,06,00,00,00,00,00,00,01,03,00,00,00,03,00,3c,01,00,00,00,00,00,00,00,00,00,00,00,00,00,00,00,00,00,00,00,00,00,00,00,00,00,00,00,00,00,00,00,00,00,00,00,00,00,00,00,00,00,00,00,00,00,00,00,00
b8,04,56,00,c3,04,07,00,00,00,00,00,00,00,00,00,16,01,16,01,00,0a,00,00,00,00,3b,47,06,40,00,00,01,00,00,01,03,00,00,00,01,00,0c,01,00,00,00,00,00,00,00,00,00,00,00,00,00,00,00,00,00,00,00,00,00,00,00,00,00,00,00,00,00,00,00,00,00,00,00,00,00,00,00,00,00,00,00,00,00,00,00,00
c5,04,35,00,cc,04,07,00,00,00,00,00,00,00,00,00,cb,00,cb,00,00,09,00,00,00,00,3b,47,06,00,00,00,01,00,00,01,03,00,00,00,01,00,2d,01,00,00,00,00,00,00,00,00,00,00,00,00,00,00,00,00,00,00,00,00,00,00,00,00,00,00,00,00,00,00,00,00,00,00,00,00,00,00,00,00,00,00,00,00,00,00,00,00
ce,04,19,00,d3,04,07,00,00,00,00,00,00,00,00,00,ca,00,ca,00,00,0b,00,00,00,00,3b,47,56,00,00,00,01,00,00,01,03,00,00,00,01,a0,17,01,00,00,00,00,00,00,00,00,00,00,00,00,00,00,00,00,00,00,00,00,00,00,00,00,00,00,00,00,00,00,00,00,00,00,00,00,00,00,00,00,00,00,00,00,00,00,00,00
d5,04,33,00,dc,04,07,00,00,00,00,00,00,00,00,00,15,01,15,01,00,09,00,00,00,00,3b,47,06,00,00,00,02,00,00,01,03,00,00,00,03,00,22,01,00,01,00,00,00,00,00,00,00,00,00,00,00,00,00,00,00,00,00,00,00,00,00,00,00,00,00,00,00,00,00,00,00,00,00,00,00,00,00,00,00,00,00,00,00,00,00,00
de,04,5b,00,ea,04,07,00,00,00,00,00,00,00,00,00,67,01,67,01,00,09,00,00,00,00,3b,47,06,00,00,00,01,00,00,01,03,00,00,00,01,00,0d,01,00,00,00,00,00,00,00,00,00,00,00,00,00,00,00,00,00,00,00,00,00,00,00,00,00,00,00,00,00,00,00,00,00,00,00,00,00,00,00,00,00,00,00,00,00,00,00,00
ec,04,34,00,f3,04,07,00,00,00,00,00,00,00,00,00,68,01,68,01,00,0a,00,00,00,00,3b,47,06,00,00,00,02,00,00,01,03,00,00,00,03,00,1c,01,00,00,00,00,00,00,00,00,00,00,00,00,00,00,00,00,00,00,00,00,00,00,00,00,00,00,00,00,00,00,00,00,00,00,00,00,00,00,00,00,00,00,00,00,00,00,00,00
f5,04,58,00,00,05,07,00,00,00,00,00,00,00,00,00,00,00,00,00,00,05,00,00,00,00,33,47,06,00,00,00,00,00,00,00,03,00,00,00,00,00,00,01,00,00,00,00,00,00,00,00,00,00,00,00,00,00,00,00,00,00,00,00,00,00,00,00,00,00,00,00,00,00,00,00,00,00,00,00,00,00,00,00,00,00,00,00,00,00,00,00
02,05,56,00,0d,05,07,00,00,00,00,00,00,00,00,00,2a,01,2a,01,00,09,00,00,00,00,3b,47,16,00,01,00,01,00,00,01,03,00,00,00,01,00,00,01,00,00,00,00,00,00,00,00,00,00,00,00,00,00,00,00,00,00,00,00,00,00,00,00,00,00,00,00,00,00,00,00,00,00,00,00,00,00,00,00,00,00,00,00,00,00,00,00
0f,05,37,00,17,05,07,00,00,00,00,00,00,00,00,00,12,02,12,02,00,09,00,00,00,00,33,47,06,00,00,00,00,00,00,00,03,00,00,00,00,00,00,01,00,00,00,00,b4,00,00,00,00,00,00,00,00,00,00,00,00,00,00,00,00,00,00,00,00,00,00,00,00,00,00,00,00,00,00,00,00,00,00,00,00,00,00,00,00,00,00,00
19,05,37,00,21,05,07,00,00,00,00,00,00,00,00,00,13,02,13,02,00,0a,00,00,00,00,33,47,06,00,00,00,00,00,00,00,03,00,00,00,00,00,00,01,00,00,ff,00,00,00,00,00,00,00,00,00,00,00,00,00,00,00,00,00,00,00,00,00,00,00,00,00,00,00,00,00,00,00,00,00,00,00,00,00,00,00,00,00,00,00,00,00
23,05,21,00,28,05,07,00,00,00,00,00,00,00,00,00,00,00,00,00,00,01,00,00,00,00,33,47,52,00,00,00,0d,00,00,01,03,00,00,00,01,78,10,01,1e,00,00,78,00,00,00,00,00,00,00,00,00,00,00,00,00,00,00,00,00,00,00,00,00,00,00,00,00,00,00,00,00,00,00,00,00,00,00,00,00,04,00,00,00,00,00,00
2a,05,15,00,2e,05,07,00,00,00,00,00,00,00,00,00,17,01,17,01,00,16,00,00,00,00,73,47,02,00,00,00,00,00,00,00,03,00,00,00,00,00,00,01,00,00,00,00,00,00,00,00,00,00,00,00,00,00,00,00,00,00,00,00,00,00,00,00,00,00,00,00,00,00,00,00,00,00,00,00,00,00,00,00,00,00,00,00,00,00,00,00
30,05,15,00,34,05,07,00,00,00,00,00,00,00,00,00,a1,00,a1,00,00,16,00,00,00,00,73,47,02,00,00,00,00,00,00,00,03,00,00,00,00,00,00,01,00,00,00,00,00,00,00,00,00,00,00,00,00,00,00,00,00,00,00,00,00,00,00,00,00,00,00,00,00,00,00,00,00,00,00,00,00,00,00,00,00,00,00,00,00,00,00,00
36,05,15,00,3a,05,07,00,00,00,00,00,00,00,00,00,a0,00,a0,00,00,16,00,00,00,00,73,47,02,00,00,00,00,00,00,00,03,00,00,00,00,00,00,01,00,00,00,00,00,00,00,00,00,00,00,00,00,00,00,00,00,00,00,00,00,00,00,00,00,00,00,00,00,00,00,00,00,00,00,00,00,00,00,00,00,00,00,00,00,00,00,00
3c,05,15,00,40,05,07,00,00,00,00,00,00,00,00,00,a7,00,a7,00,00,16,00,00,00,00,73,47,02,00,00,00,00,00,00,00,03,00,00,00,00,00,00,01,00,00,00,00,00,00,00,00,00,00,00,00,00,00,00,00,00,00,00,00,00,00,00,00,00,00,00,00,00,00,00,00,00,00,00,00,00,00,00,00,00,00,00,00,00,00,00,00
42,05,15,00,46,05,07,00,00,00,00,00,00,00,00,00,44,01,44,01,00,16,00,00,00,00,73,47,02,00,00,00,00,00,00,00,03,00,00,00,00,00,00,01,00,00,00,00,00,00,00,00,00,00,00,00,00,00,00,00,00,00,00,00,00,00,00,00,00,00,00,00,00,00,00,00,00,00,00,00,00,00,00,00,00,00,00,00,00,00,00,00
48,05,15,00,4c,05,07,00,00,00,00,00,00,00,00,00,b4,01,b4,01,00,16,00,00,00,00,73,47,02,00,00,00,00,00,00,00,03,00,00,00,00,00,00,01,00,00,00,00,00,00,00,00,00,00,00,00,00,00,00,00,00,00,00,00,00,00,00,00,00,00,00,00,00,00,00,00,00,00,00,00,00,00,00,00,00,00,00,00,00,00,00,00
4e,05,15,00,52,05,07,00,00,00,00,00,00,00,00,00,2e,01,2e,01,00,16,00,00,00,00,73,47,02,00,00,00,00,00,00,00,03,00,00,00,00,00,00,01,00,00,00,00,00,00,00,00,00,00,00,00,00,00,00,00,00,00,00,00,00,00,00,00,00,00,00,00,00,00,00,00,00,00,00,00,00,00,00,00,00,00,00,00,00,00,00,00
54,05,15,00,58,05,07,00,00,00,00,00,00,00,00,00,05,02,05,02,00,16,00,00,00,00,73,47,02,00,00,00,00,00,00,00,03,00,00,00,00,00,00,01,00,00,00,00,00,00,00,00,00,00,00,00,00,00,00,00,00,00,00,00,00,00,00,00,00,00,00,00,00,00,00,00,00,00,00,00,00,00,00,00,00,00,00,00,00,00,00,00
5a,05,15,00,5e,05,07,00,00,00,00,00,00,00,00,00,04,02,04,02,00,16,00,00,00,00,73,47,02,00,00,00,00,00,00,00,03,00,00,00,00,00,00,01,00,00,00,00,00,00,00,00,00,00,00,00,00,00,00,00,00,00,00,00,00,00,00,00,00,00,00,00,00,00,00,00,00,00,00,00,00,00,00,00,00,00,00,00,00,00,00,00
60,05,15,00,64,05,07,00,00,00,00,00,00,00,00,00,06,02,06,02,00,16,00,00,00,00,73,47,02,00,00,00,00,00,00,00,03,00,00,00,00,00,00,01,00,00,00,00,00,00,00,00,00,00,00,00,00,00,00,00,00,00,00,00,00,00,00,00,00,00,00,00,00,00,00,00,00,00,00,00,00,00,00,00,00,00,00,00,00,00,00,00
66,05,15,00,6a,05,07,00,00,00,00,00,00,00,00,00,b5,01,b5,01,00,09,00,00,00,00,73,47,02,00,00,00,00,00,00,00,03,00,00,00,00,00,00,01,00,00,00,00,00,00,00,00,00,00,00,00,00,00,00,00,00,00,00,00,00,00,00,00,00,00,00,00,00,00,00,00,00,00,00,00,00,00,00,00,00,00,00,00,00,00,00,00
6c,05,15,00,70,05,07,00,00,00,00,00,00,00,00,00,b6,01,b6,01,00,09,00,00,00,00,73,47,02,00,00,00,00,00,00,00,03,00,00,00,00,00,00,01,00,00,00,00,00,00,00,00,00,00,00,00,00,00,00,00,00,00,00,00,00,00,00,00,00,00,00,00,00,00,00,00,00,00,00,00,00,00,00,00,00,00,00,00,00,00,00,00
72,05,33,00,79,05,07,00,00,00,00,00,00,00,00,00,00,00,00,00,00,01,00,00,00,00,33,06,52,00,00,00,0d,00,00,01,03,00,00,00,01,78,10,01,0a,00,00,00,00,00,00,00,00,00,00,00,00,00,00,00,00,00,00,00,00,00,00,00,00,00,00,00,00,00,00,00,00,00,00,00,00,00,00,00,00,00,00,00,00,00,00,00
7b,05,33,00,82,05,07,00,00,00,00,00,00,00,00,00,00,00,00,00,00,14,00,00,00,00,33,06,02,00,00,00,01,00,00,01,03,00,00,00,01,00,18,01,32,00,00,00,00,00,00,00,00,00,00,00,00,00,00,00,00,00,00,00,00,00,00,00,00,00,00,00,00,00,00,00,00,00,00,00,00,00,00,00,00,00,00,00,00,00,00,00
84,05,32,00,8b,05,07,00,00,00,00,00,00,00,00,00,00,00,00,00,00,12,00,00,00,00,31,47,02,00,00,00,00,00,00,00,03,00,00,00,00,00,00,01,00,00,00,00,00,00,00,00,00,00,00,00,00,00,00,00,00,00,00,00,00,00,00,00,00,00,00,00,00,00,00,00,00,00,00,00,00,00,00,00,00,00,00,00,00,00,00,00
8d,05,36,00,94,05,07,00,00,00,00,00,00,00,00,00,af,01,af,01,00,03,00,00,00,00,33,47,06,00,00,00,01,00,00,01,03,00,00,00,01,00,10,01,00,00,00,00,00,00,00,00,00,00,00,00,00,00,00,00,00,00,00,00,00,00,00,00,00,00,00,00,00,00,00,00,00,00,00,00,00,00,00,00,00,00,00,00,00,00,00,00
96,05,48,00,a0,05,07,00,00,00,00,00,00,00,00,00,b0,01,b0,01,00,03,00,00,00,00,33,47,06,00,00,00,01,00,00,01,03,00,00,00,01,00,1c,01,00,00,00,00,00,00,00,00,00,00,00,00,00,00,00,00,00,00,00,00,00,00,00,00,00,00,00,00,00,00,00,00,00,00,00,00,00,00,00,00,00,00,00,00,00,00,00,00
a2,05,48,00,ac,05,07,00,00,00,00,00,00,00,00,00,b1,01,b1,01,00,03,00,00,00,00,33,47,06,00,00,00,02,00,00,01,03,00,00,00,03,00,18,01,00,00,00,00,00,00,00,00,00,00,00,00,00,00,00,00,00,00,00,00,00,00,00,00,00,00,00,00,00,00,00,00,00,00,00,00,00,00,00,00,00,00,00,00,00,00,00,00
ae,05,41,00,b6,05,07,00,00,00,00,00,00,00,00,00,b2,01,b2,01,00,03,00,00,00,00,3b,47,06,00,00,40,00,00,00,01,03,00,00,00,06,00,c8,01,00,00,00,00,00,00,00,00,00,00,00,00,00,00,00,00,00,00,00,00,00,00,00,00,00,00,00,00,00,00,00,00,00,00,00,00,00,00,00,00,00,00,00,00,00,00,00,00
b8,05,38,00,c0,05,07,00,00,00,00,00,00,00,00,00,00,00,00,00,00,12,00,00,00,00,33,45,06,00,00,00,00,00,00,00,03,00,00,00,00,00,00,01,00,00,00,00,00,00,00,00,00,00,00,00,00,00,00,00,00,00,00,00,00,00,00,00,00,00,00,00,00,00,00,00,00,00,00,00,00,00,00,00,00,00,00,00,00,00,00,00
c2,05,32,00,c9,05,07,00,00,00,00,00,00,00,00,00,0a,02,0a,02,00,09,00,00,00,00,3b,45,06,00,40,00,02,00,00,01,03,00,00,00,03,00,1e,01,00,00,00,00,00,00,00,00,00,00,00,00,00,00,00,00,00,00,00,00,00,00,00,00,00,00,00,00,00,00,00,00,00,00,00,00,00,00,00,00,00,00,00,00,00,00,00,00
cb,05,2c,00,d2,05,07,00,00,00,00,00,00,00,00,00,09,02,09,02,00,0a,00,00,00,00,33,45,06,00,00,00,00,00,00,00,03,00,00,00,00,00,00,01,00,00,00,00,00,00,00,00,00,00,00,00,00,00,00,00,00,00,00,00,00,00,00,00,00,00,00,00,00,00,00,00,00,00,00,00,00,00,00,00,00,00,00,00,00,00,00,00
d4,05,6a,00,e2,05,07,00,00,00,00,00,00,00,00,00,31,01,31,01,00,03,00,00,00,00,33,45,06,00,01,00,02,00,00,01,03,00,00,00,03,00,1c,01,00,00,00,00,00,00,00,00,00,00,00,00,00,00,00,00,00,00,00,00,00,00,00,00,00,00,00,00,00,00,00,00,00,00,00,00,00,00,00,00,00,00,00,00,00,00,00,00
e4,05,3b,00,eb,05,07,00,00,00,00,00,00,00,00,00,77,00,77,00,00,03,00,00,00,00,33,45,02,00,00,00,00,00,00,00,03,00,00,00,00,00,00,01,00,00,00,00,00,00,00,00,00,00,00,00,00,00,00,00,00,00,00,00,00,00,00,00,00,00,00,00,00,00,00,00,00,00,00,00,00,00,00,00,00,00,00,00,00,00,00,00
ed,05,3b,00,f4,05,07,00,00,00,00,00,00,00,00,00,39,02,39,02,00,03,00,00,00,00,33,45,02,00,00,00,00,00,00,00,03,00,00,00,00,00,00,01,00,00,00,00,00,00,00,00,00,00,00,00,00,00,00,00,00,00,00,00,00,00,00,00,00,00,00,00,00,00,00,00,00,00,00,00,00,00,00,00,00,00,00,00,00,00,00,00
f6,05,3b,00,fd,05,07,00,00,00,00,00,00,00,00,00,38,02,38,02,00,03,00,00,00,00,33,45,02,00,00,00,00,00,00,00,03,00,00,00,00,00,00,01,00,00,00,00,00,00,00,00,00,00,00,00,00,00,00,00,00,00,00,00,00,00,00,00,00,00,00,00,00,00,00,00,00,00,00,00,00,00,00,00,00,00,00,00,00,00,00,00
ff,05,3b,00,06,06,07,00,00,00,00,00,00,00,00,00,4a,02,4a,02,00,03,00,00,00,00,33,45,02,00,00,00,00,00,00,00,03,00,00,00,00,00,00,01,00,00,00,00,00,00,00,00,00,00,00,00,00,00,00,00,00,00,00,00,00,00,00,00,00,00,00,00,00,00,00,00,00,00,00,00,00,00,00,00,00,00,00,00,00,00,00,00
08,06,3b,00,0f,06,07,00,00,00,00,00,00,00,00,00,3a,02,3a,02,00,03,00,00,00,00,33,45,02,00,00,00,00,00,00,00,03,00,00,00,00,00,00,01,00,00,00,00,00,00,00,00,00,00,00,00,00,00,00,00,00,00,00,00,00,00,00,00,00,00,00,00,00,00,00,00,00,00,00,00,00,00,00,00,00,00,00,00,00,00,00,00
11,06,3b,00,18,06,07,00,00,00,00,00,00,00,00,00,4b,02,4b,02,00,03,00,00,00,00,33,45,02,00,00,00,00,00,00,00,03,00,00,00,00,00,00,01,00,00,00,00,00,00,00,00,00,00,00,00,00,00,00,00,00,00,00,00,00,00,00,00,00,00,00,00,00,00,00,00,00,00,00,00,00,00,00,00,00,00,00,00,00,00,00,00
1a,06,3b,00,21,06,07,00,00,00,00,00,00,00,00,00,4c,02,4c,02,00,03,00,00,00,00,33,45,02,00,00,00,00,00,00,00,03,00,00,00,00,00,00,01,00,00,00,00,00,00,00,00,00,00,00,00,00,00,00,00,00,00,00,00,00,00,00,00,00,00,00,00,00,00,00,00,00,00,00,00,00,00,00,00,00,00,00,00,00,00,00,00
23,06,3b,00,2a,06,07,00,00,00,00,00,00,00,00,00,15,02,15,02,00,03,00,00,00,00,33,45,02,00,00,00,00,00,00,00,03,00,00,00,00,00,00,01,00,00,00,00,00,00,00,00,00,00,00,00,00,00,00,00,00,00,00,00,00,00,00,00,00,00,00,00,00,00,00,00,00,00,00,00,00,00,00,00,00,00,00,00,00,00,00,00
2c,06,3b,00,33,06,07,00,00,00,00,00,00,00,00,00,4d,02,4d,02,00,03,00,00,00,00,33,45,02,00,00,00,00,00,00,00,03,00,00,00,00,00,00,01,00,00,00,00,00,00,00,00,00,00,00,00,00,00,00,00,00,00,00,00,00,00,00,00,00,00,00,00,00,00,00,00,00,00,00,00,00,00,00,00,00,00,00,00,00,00,00,00
35,06,56,00,40,06,07,00,00,00,00,00,00,00,00,00,b9,00,b9,00,00,03,00,00,00,00,3b,47,16,00,01,00,01,00,00,01,03,00,00,00,01,00,00,01,00,00,00,00,00,00,00,00,00,00,00,00,00,00,00,00,00,00,00,00,00,00,00,00,00,00,00,00,00,00,00,00,00,00,00,00,00,00,00,00,00,00,00,00,00,00,00,00
42,06,41,00,4b,06,07,00,00,00,00,00,00,00,00,00,00,00,00,00,00,12,00,00,00,00,33,45,02,00,00,00,00,00,00,00,03,00,00,00,00,00,00,01,00,00,00,00,00,00,00,00,00,00,00,00,00,00,00,00,00,00,00,00,00,00,00,00,00,00,00,00,00,00,00,00,00,00,00,00,00,00,00,00,00,00,00,00,00,00,00,00
4d,06,79,00,5d,06,07,00,00,00,00,00,00,00,00,00,a3,00,a3,00,00,03,00,00,00,00,33,45,06,00,00,00,01,00,00,01,03,00,00,00,01,00,1e,01,00,00,00,00,00,00,00,00,00,00,00,00,00,64,00,00,00,00,00,00,00,00,00,00,00,00,00,00,00,00,00,00,00,00,00,00,00,00,00,00,00,00,00,00,00,00,00,00
5f,06,65,00,6c,06,07,00,00,00,00,00,00,00,00,00,a5,00,a5,00,00,03,00,00,00,00,3b,45,06,00,00,40,00,00,00,01,03,00,00,00,03,00,28,01,00,02,00,00,00,00,00,00,00,00,00,00,00,00,00,00,00,00,00,00,00,00,00,00,00,00,00,00,00,00,00,00,00,00,00,00,00,00,00,00,00,00,00,00,00,00,00,00
6e,06,33,00,75,06,07,00,00,00,00,00,00,00,00,00,00,00,00,00,00,01,00,00,00,00,33,06,52,00,00,00,0d,00,00,01,03,00,00,00,01,5a,10,01,0a,00,00,00,00,00,00,00,00,00,00,00,00,00,00,00,0a,00,00,00,00,00,00,00,00,00,00,00,00,03,00,00,00,00,00,00,00,00,00,00,00,00,00,00,00,00,00,00
77,06,33,00,7e,06,07,00,00,00,00,00,00,00,00,00,00,00,00,00,00,01,00,00,00,00,33,06,52,00,00,00,0d,00,00,01,03,00,00,00,01,78,10,01,0a,00,00,00,00,00,00,00,00,00,00,00,00,00,00,00,1e,00,00,00,00,00,00,00,00,00,00,00,00,03,00,00,00,00,00,00,00,00,00,00,00,00,00,00,00,00,00,00
80,06,23,00,85,06,07,00,00,00,00,00,00,00,00,00,b0,00,b0,00,00,09,00,00,00,00,33,47,02,00,00,00,02,00,00,01,03,00,00,00,03,00,0c,01,00,00,00,00,00,00,00,00,00,00,1e,00,00,00,00,00,00,00,00,00,00,00,00,00,00,00,00,00,00,00,00,00,00,00,00,00,00,00,00,00,00,00,00,00,00,00,00,00
87,06,33,00,8e,06,07,00,00,00,00,00,00,00,00,00,00,00,00,00,00,01,00,00,00,00,33,06,52,00,00,00,0d,00,00,01,03,00,00,00,01,5a,10,01,0a,00,00,00,00,00,00,00,00,00,00,00,00,00,00,00,00,00,00,00,00,00,00,00,00,00,0a,00,00,00,00,00,00,00,00,00,00,00,00,03,00,00,00,00,00,00,00,00
90,06,33,00,97,06,07,00,00,00,00,00,00,00,00,00,00,00,00,00,00,01,00,00,00,00,33,06,52,00,00,00,0d,00,00,01,03,00,00,00,01,78,10,01,0a,00,00,00,00,00,00,00,00,00,00,00,00,00,00,00,00,00,00,00,00,00,00,00,00,00,1e,00,00,00,00,00,00,00,00,00,00,00,00,03,00,00,00,00,00,00,00,00
99,06,33,00,a0,06,07,00,00,00,00,00,00,00,00,00,00,00,00,00,00,01,00,00,00,00,33,06,52,00,00,00,0d,00,00,01,03,00,00,00,01,5a,10,01,0a,00,00,00,00,00,00,00,00,00,00,0a,00,00,00,00,00,00,00,00,00,00,00,00,00,00,00,00,00,00,00,00,00,00,00,00,00,00,00,00,00,00,00,00,00,00,00,00
a2,06,33,00,a9,06,07,00,00,00,00,00,00,00,00,00,00,00,00,00,00,01,00,00,00,00,33,06,52,00,00,00,0d,00,00,01,03,00,00,00,01,78,10,01,0a,00,00,00,00,00,00,00,00,00,00,1e,00,00,00,00,00,00,00,00,00,00,00,00,00,00,00,00,00,00,00,00,00,00,00,00,00,00,00,00,00,00,00,00,00,00,00,00
ab,06,33,00,b2,06,07,00,00,00,00,00,00,00,00,00,00,00,00,00,00,01,00,00,00,00,33,06,52,00,00,00,0d,00,00,01,03,00,00,00,01,5a,10,01,0a,00,00,00,00,00,00,00,00,00,00,00,00,00,0a,0a,00,00,00,00,00,00,00,00,00,00,00,03,03,00,00,00,00,00,00,00,00,00,00,00,00,00,00,00,00,00,00,00
b4,06,33,00,bb,06,07,00,00,00,00,00,00,00,00,00,00,00,00,00,00,01,00,00,00,00,33,06,52,00,00,00,0d,00,00,01,03,00,00,00,01,78,10,01,0a,00,00,00,00,00,00,00,00,00,00,00,00,00,1e,1e,00,00,00,00,00,00,00,00,00,00,00,03,03,00,00,00,00,00,00,00,00,00,00,00,00,00,00,00,00,00,00,00
bd,06,33,00,c4,06,07,00,00,00,00,00,00,00,00,00,00,00,00,00,00,01,00,00,00,00,33,06,52,00,00,00,0d,00,00,01,03,00,00,00,01,5a,10,01,00,00,00,00,0a,00,00,00,00,00,00,00,00,00,00,0a,00,00,00,00,00,00,00,00,00,00,00,00,03,00,00,00,00,00,00,00,00,00,00,00,00,00,00,00,00,00,00,00
c6,06,33,00,cd,06,07,00,00,00,00,00,00,00,00,00,00,00,00,00,00,01,00,00,00,00,33,06,52,00,00,00,0d,00,00,01,03,00,00,00,01,78,10,01,00,00,00,00,1e,00,00,00,00,00,00,00,00,00,00,1e,00,00,00,00,00,00,00,00,00,00,00,00,03,00,00,00,00,00,00,00,00,00,00,00,00,00,00,00,00,00,00,00
cf,06,30,00,d6,06,07,00,00,00,00,00,00,00,00,00,00,01,00,01,00,03,00,00,00,00,33,45,02,00,00,00,00,00,00,00,03,00,00,00,00,00,00,01,00,00,00,00,00,00,00,00,00,00,00,00,00,00,00,00,00,00,00,00,00,00,00,00,00,00,00,00,00,00,00,00,00,00,00,00,00,00,00,00,00,00,00,00,00,00,00,00
d8,06,30,00,df,06,07,00,00,00,00,00,00,00,00,00,7c,00,7c,00,00,03,00,00,00,00,33,45,02,00,00,00,00,00,00,00,03,00,00,00,00,00,00,01,00,00,00,00,00,00,00,00,00,00,00,00,00,00,00,00,00,00,00,00,00,00,00,00,00,00,00,00,00,00,00,00,00,00,00,00,00,00,00,00,00,00,00,00,00,00,00,00
e1,06,30,00,e8,06,07,00,00,00,00,00,00,00,00,00,7d,00,7d,00,00,03,00,00,00,00,33,45,02,00,00,00,00,00,00,00,03,00,00,00,00,00,00,01,00,00,00,00,00,00,00,00,00,00,00,00,00,00,00,00,00,00,00,00,00,00,00,00,00,00,00,00,00,00,00,00,00,00,00,00,00,00,00,00,00,00,00,00,00,00,00,00
ea,06,30,00,f1,06,07,00,00,00,00,00,00,00,00,00,7e,00,7e,00,00,03,00,00,00,00,33,45,02,00,00,00,00,00,00,00,03,00,00,00,00,00,00,01,00,00,00,00,00,00,00,00,00,00,00,00,00,00,00,00,00,00,00,00,00,00,00,00,00,00,00,00,00,00,00,00,00,00,00,00,00,00,00,00,00,00,00,00,00,00,00,00
f3,06,61,00,00,07,07,00,00,00,00,00,00,00,00,00,97,00,5c,02,00,03,00,00,00,00,3b,45,06,00,00,40,00,00,00,01,03,00,00,00,03,00,28,01,00,00,00,00,00,00,00,00,00,00,00,00,00,00,00,00,00,00,00,00,00,00,00,00,00,00,00,00,00,00,00,00,00,00,00,00,00,00,00,00,00,00,00,00,00,00,00,00
02,07,33,00,09,07,07,00,00,00,00,00,00,00,00,00,00,00,00,00,00,01,00,00,00,00,33,06,52,00,00,00,0d,00,00,01,03,00,00,00,01,5a,10,01,0a,00,00,00,00,64,00,00,00,00,00,00,00,00,00,00,00,00,00,00,00,00,00,00,00,00,00,00,00,00,00,00,00,00,00,00,00,00,00,00,00,00,00,00,00,00,00,00
0b,07,26,00,10,07,07,00,00,00,00,00,00,00,00,00,c7,00,c7,00,00,0a,00,00,00,00,33,47,02,00,00,00,01,00,00,01,03,00,00,00,01,00,10,01,00,00,00,00,00,64,00,00,00,00,00,00,00,00,00,00,00,00,00,00,00,00,00,00,00,00,00,00,00,00,00,00,00,00,00,00,00,00,00,00,00,00,00,00,00,00,00,00
12,07,55,00,1d,07,07,00,00,00,00,00,00,00,00,00,12,01,12,01,00,0a,00,00,00,00,33,47,06,00,00,00,00,00,00,00,03,00,00,00,03,00,00,01,00,00,00,00,64,00,00,00,00,00,00,00,00,00,00,00,00,00,00,00,00,00,00,00,00,00,00,00,00,00,00,00,00,00,00,00,00,00,00,00,00,00,00,00,00,00,00,00
1f,07,41,00,28,07,07,00,00,00,00,00,00,00,00,00,00,00,00,00,00,12,00,00,00,00,33,47,06,00,00,00,00,00,00,00,03,00,00,00,00,00,00,01,00,00,00,00,00,00,00,00,00,00,00,00,00,00,00,00,00,00,00,00,00,00,00,00,00,00,00,00,00,00,00,00,00,00,00,00,00,00,00,00,00,00,00,00,00,00,00,00
2a,07,41,00,33,07,07,00,00,00,00,00,00,00,00,00,00,00,00,00,00,12,00,00,00,00,33,45,06,00,00,00,00,00,00,00,03,00,00,00,00,00,00,01,00,00,00,00,00,00,00,00,00,00,00,00,00,00,00,00,00,00,00,00,00,00,00,00,00,00,00,00,00,00,00,00,00,00,00,00,00,00,00,00,00,00,00,00,00,00,00,00
35,07,79,00,45,07,07,00,00,00,00,00,00,00,00,00,a3,00,a3,00,00,03,00,00,00,00,33,45,06,20,00,00,01,00,00,01,03,00,00,00,01,00,1e,01,00,00,00,00,00,00,00,00,00,00,00,00,00,00,00,00,00,00,00,00,00,00,00,00,00,00,00,00,00,00,00,00,00,00,00,00,00,00,00,00,00,00,00,00,00,00,00,00
47,07,39,00,4f,07,07,00,00,00,00,00,00,00,00,00,a9,00,a9,00,00,03,00,00,00,00,3b,45,06,20,01,00,00,00,00,01,03,00,00,00,01,00,19,01,00,00,00,00,00,00,00,00,00,00,00,00,00,00,00,00,00,00,00,00,00,00,00,00,00,00,00,00,00,00,00,00,00,00,00,00,00,00,00,00,00,00,00,00,00,00,00,00
51,07,33,00,58,07,07,00,00,00,00,00,00,00,00,00,00,00,00,00,00,01,00,00,00,00,33,45,12,00,00,00,0d,00,00,01,03,00,00,14,01,5f,10,01,00,00,00,00,00,00,00,00,00,00,00,00,00,00,00,00,00,00,00,00,00,00,00,00,00,00,00,00,00,00,00,00,00,00,00,00,00,00,00,00,00,00,00,00,00,00,00,00
5a,07,1e,00,5f,07,07,00,00,00,00,00,00,00,00,00,99,00,99,00,00,03,00,00,00,00,33,45,06,00,00,00,02,00,00,01,03,00,00,00,03,00,14,01,00,00,64,00,00,00,00,00,00,00,00,00,00,00,00,00,00,00,00,00,00,00,00,00,00,00,00,00,00,00,00,00,00,00,00,00,00,00,00,00,00,00,00,00,00,00,00,00
61,07,39,00,6a,07,07,00,00,00,00,00,00,00,00,00,9a,00,9a,00,00,03,00,00,00,00,3b,45,06,20,00,40,00,00,00,01,03,00,00,00,03,00,06,10,00,00,00,00,00,00,00,00,00,00,00,00,00,00,00,00,00,00,00,00,00,00,00,00,00,00,00,00,00,00,00,00,00,00,00,00,00,00,00,00,00,00,00,00,00,00,00,00
6c,07,38,00,74,07,07,00,00,00,00,00,00,00,00,00,00,00,00,00,00,01,00,00,00,00,33,07,06,00,00,00,0d,00,00,01,03,00,00,14,01,00,14,01,0a,00,00,00,00,00,00,00,00,00,00,00,00,00,00,00,00,00,00,00,00,00,00,00,00,00,00,00,00,00,00,00,00,00,00,00,00,00,00,00,00,00,00,00,00,00,00,00
76,07,aa,00,8b,07,07,00,00,00,00,00,00,00,00,00,45,00,45,00,00,09,00,00,00,00,3b,47,06,40,00,00,81,00,00,01,03,00,00,00,08,00,0f,01,64,00,00,00,00,00,00,00,00,00,00,00,00,00,00,00,fe,00,00,00,00,00,00,00,00,00,00,00,00,1e,00,00,00,00,00,00,00,00,00,00,00,00,00,00,00,00,00,00
8d,07,33,00,94,07,07,00,00,00,00,00,00,00,00,00,00,00,00,00,00,01,00,00,00,00,33,06,52,00,00,00,8d,00,00,01,03,00,00,00,01,78,10,01,64,00,00,00,00,00,00,00,00,00,00,00,00,00,00,00,00,00,00,00,00,00,00,00,00,00,00,00,00,00,00,00,00,00,00,00,00,00,00,00,00,00,00,00,00,00,00,00
96,07,68,00,a4,07,07,00,00,00,00,00,00,00,00,00,c1,00,c1,00,00,0a,00,00,00,00,3b,47,06,00,00,00,81,00,00,01,06,00,00,00,03,00,16,01,64,00,00,00,00,fe,00,00,00,00,fe,00,00,00,00,fe,fe,00,00,00,00,00,00,00,00,00,fe,00,08,08,00,00,00,00,00,00,00,00,00,fe,00,00,00,00,00,00,00,00
a6,07,91,00,b9,07,07,00,00,00,00,00,00,00,00,00,c2,00,c2,00,00,0b,00,00,00,00,33,47,16,00,00,00,80,00,00,01,03,00,00,00,02,f0,10,01,64,00,00,00,00,00,fe,fe,fe,fe,00,00,00,00,00,00,00,00,00,00,00,00,00,00,00,00,00,00,00,00,00,00,00,00,00,00,00,00,00,00,00,00,00,00,00,00,00,00
bb,07,4e,00,c5,07,07,00,00,00,00,00,00,00,00,00,69,01,69,01,00,03,00,00,00,00,33,47,06,00,00,00,81,00,00,01,03,00,00,00,01,00,32,01,64,00,00,00,00,00,00,00,00,00,00,00,00,00,00,00,00,00,00,00,00,00,00,00,00,00,00,00,00,00,00,00,00,00,00,00,00,00,00,00,00,00,00,00,00,00,00,00
c7,07,92,00,db,07,07,00,00,00,00,00,00,00,00,00,c3,00,c3,00,00,0c,00,00,00,00,3b,47,06,00,00,00,81,00,00,01,03,00,00,00,02,f0,10,01,64,00,00,00,32,00,00,00,00,00,00,00,00,00,00,00,00,00,00,00,00,00,00,00,00,00,00,00,00,00,00,00,00,00,00,00,00,00,00,00,00,00,00,00,00,00,00,00
dd,07,2c,00,e3,07,07,00,00,00,00,00,00,00,00,00,51,01,6c,01,00,03,00,00,00,00,33,07,06,00,00,00,80,00,00,00,03,00,00,00,03,00,00,01,00,00,00,00,00,00,00,00,00,00,fe,00,00,00,00,00,00,00,00,00,00,00,00,00,00,00,00,00,00,00,00,00,00,00,00,00,00,00,00,00,00,44,00,00,00,00,00,00
e5,07,6a,00,f3,07,07,00,00,00,00,00,00,00,00,00,13,02,13,02,00,0a,00,00,00,00,33,47,06,00,00,00,80,00,00,00,03,00,00,00,00,00,00,01,00,00,ff,00,00,00,00,00,00,00,00,00,00,00,00,00,00,00,00,00,00,00,00,00,00,00,00,00,00,00,00,00,00,00,00,00,00,00,00,00,00,00,00,00,00,00,00,00
f5,07,33,00,fc,07,07,00,00,00,00,00,00,00,00,00,00,00,00,00,00,01,00,00,00,00,33,06,52,00,00,00,8d,00,00,01,03,00,00,00,01,96,10,01,64,00,00,00,00,00,00,00,00,00,00,00,00,00,00,00,00,00,00,00,00,00,00,00,00,00,00,00,00,00,00,00,00,00,00,00,00,00,00,00,00,00,00,00,00,00,00,00
fe,07,4f,00,09,08,07,00,00,00,00,00,00,00,00,00,12,01,12,01,00,0a,00,00,00,00,33,47,06,00,00,00,80,00,00,01,03,00,00,00,03,00,14,01,00,00,00,00,fe,00,00,00,00,00,00,00,00,00,00,00,00,00,00,00,00,00,00,00,00,00,00,00,00,00,00,00,00,00,00,00,00,00,00,00,00,00,00,00,00,00,00,00
0b,08,6d,00,19,08,07,00,00,00,00,00,00,00,00,00,64,01,64,01,00,09,00,00,00,00,33,47,06,00,00,00,80,00,00,01,03,00,00,00,06,00,c8,01,64,00,00,00,00,00,00,00,00,00,00,00,00,00,00,00,00,00,00,00,00,00,00,00,00,00,00,00,00,00,00,00,00,00,00,00,00,00,00,00,00,00,00,00,00,00,00,00
1b,08,5d,00,27,08,07,00,00,00,00,00,00,00,00,00,00,00,00,00,00,01,00,00,00,00,33,47,56,00,00,00,85,00,00,01,02,00,00,00,01,b4,10,01,64,00,fe,00,00,fe,00,00,00,00,00,00,00,00,00,00,00,00,00,00,00,00,00,00,00,00,00,00,00,00,00,00,00,00,00,00,00,00,00,00,00,00,00,00,00,00,00,00
29,08,65,00,36,08,07,00,00,00,00,00,00,00,00,00,c8,00,c8,00,00,09,00,00,00,00,33,47,06,00,00,00,85,00,00,01,04,00,00,00,01,00,3c,01,64,00,00,00,00,00,00,00,00,00,00,00,00,00,00,00,00,00,00,00,00,00,00,00,00,00,00,00,00,00,00,00,00,00,00,00,00,00,00,00,00,00,00,00,00,00,00,00
38,08,34,00,40,08,07,00,00,00,00,00,00,00,00,00,3b,01,3b,01,00,0b,00,00,00,00,3b,47,06,80,00,00,02,00,00,01,03,00,00,00,03,00,09,08,64,00,00,00,00,00,00,00,00,00,00,00,00,00,00,00,00,00,00,00,00,00,00,00,00,00,00,00,00,00,00,00,00,00,00,00,00,00,00,00,00,00,00,00,00,00,00,00
42,08,69,00,50,08,07,00,00,00,00,00,00,00,00,00,00,00,00,00,00,01,00,00,00,00,33,06,06,00,00,00,85,00,00,01,03,00,00,1e,01,b4,10,01,64,00,00,00,00,00,00,00,00,00,00,00,00,00,00,00,00,00,00,00,00,00,00,00,00,00,00,00,00,00,00,00,00,00,00,00,00,00,00,00,00,00,00,00,00,00,00,00
52,08,77,00,61,08,07,00,00,00,00,00,00,00,00,00,00,00,00,00,00,01,00,00,00,00,33,06,06,00,00,00,85,00,00,01,03,00,00,0a,05,b4,0f,01,64,00,00,00,00,00,00,00,00,00,fe,00,00,00,00,00,00,00,00,00,00,00,00,00,00,00,00,00,00,00,00,00,00,00,00,00,00,00,00,00,00,00,00,00,00,00,00,00
63,08,64,00,71,08,07,00,00,00,00,00,00,00,00,00,00,00,00,00,00,01,00,00,00,00,33,06,16,00,00,00,85,00,00,01,03,00,00,00,01,c8,10,01,64,00,ff,00,00,00,00,00,00,00,00,00,00,00,00,00,00,00,00,00,00,00,00,00,00,00,00,00,00,00,00,00,00,00,00,00,00,00,00,00,00,00,00,00,00,00,00,00
73,08,58,00,7f,08,07,00,00,00,00,00,00,00,00,00,b0,00,b0,00,00,09,00,00,00,00,33,47,06,00,00,00,81,00,00,01,03,00,00,00,01,00,3c,01,64,00,00,00,00,00,00,00,00,00,00,00,00,00,00,00,00,00,00,00,00,00,00,00,00,00,00,00,00,00,00,00,00,00,00,00,00,00,00,00,00,04,00,00,00,00,00,00
81,08,54,00,8b,08,07,00,00,00,00,00,00,00,00,00,b1,00,b1,00,00,0a,00,00,00,00,3b,47,06,08,00,00,82,00,00,01,03,00,00,00,03,00,1e,01,00,00,00,00,00,00,00,00,00,00,fe,00,00,00,fe,fe,fe,00,00,00,00,00,00,00,00,00,fe,0a,0a,0a,00,00,00,00,00,00,00,00,00,fe,00,00,00,00,00,00,00,00
8d,08,59,00,99,08,07,00,00,00,00,00,00,00,00,00,00,00,00,00,00,01,00,00,00,00,33,06,46,01,00,00,81,00,00,01,03,00,00,00,01,96,10,01,64,00,00,00,00,00,00,00,00,00,00,00,00,00,00,00,00,00,00,00,00,00,00,00,00,00,00,00,00,00,00,00,00,00,00,00,00,00,00,00,00,00,00,00,00,00,00,00
9b,08,63,00,a8,08,07,00,00,00,00,00,00,00,00,00,00,00,00,00,00,01,00,00,00,00,33,06,46,00,00,00,81,00,00,01,03,00,00,00,05,96,0c,01,64,00,00,00,00,fe,00,00,00,00,00,00,00,00,00,00,00,00,00,00,00,00,00,00,00,00,00,00,00,00,00,00,00,00,00,00,00,00,00,00,00,00,00,00,00,00,00,00
aa,08,33,00,b1,08,07,00,00,00,00,00,00,00,00,00,00,00,00,00,00,01,00,00,00,00,33,06,06,40,00,00,85,00,00,01,05,00,00,14,01,00,10,01,64,00,00,00,00,00,00,00,00,00,00,fe,00,00,00,00,00,00,00,00,00,00,00,00,00,00,00,00,00,00,00,00,00,00,00,00,00,00,00,00,00,00,00,00,00,00,00,00
b3,08,5d,00,bf,08,07,00,00,00,00,00,00,00,00,00,00,00,00,00,00,01,00,00,00,00,33,06,06,40,00,00,85,00,00,01,01,00,00,14,01,00,10,01,64,00,00,00,00,00,00,00,00,00,00,fe,00,00,00,00,00,00,00,00,00,00,00,00,00,00,00,00,00,00,00,00,00,00,00,00,00,00,00,00,00,00,00,00,00,00,00,00
c1,08,39,00,c9,08,07,00,00,00,00,00,00,00,00,00,00,00,00,00,00,01,00,00,00,00,33,06,02,00,00,00,85,00,00,01,03,00,00,0a,01,00,10,01,64,00,00,00,00,00,00,00,00,00,00,00,00,00,00,00,00,00,00,00,00,00,00,00,00,00,00,00,00,00,00,00,00,00,00,00,00,00,00,00,00,00,00,00,00,00,00,00
cb,08,39,00,d3,08,07,00,00,00,00,00,00,00,00,00,ae,00,ae,00,00,09,00,00,00,00,3b,47,02,00,00,00,80,00,00,01,01,00,00,00,03,00,16,01,00,01,00,00,00,00,00,00,00,00,00,00,00,00,00,00,00,00,00,00,00,00,00,00,00,00,00,00,00,00,00,00,00,00,00,00,00,00,00,00,00,00,00,00,00,00,00,00
d5,08,39,00,dd,08,07,00,00,00,00,00,00,00,00,00,00,00,00,00,00,01,00,00,00,00,33,06,02,00,00,00,8d,00,00,01,03,00,00,00,01,96,10,01,64,00,64,00,00,00,00,00,00,00,00,00,00,00,50,50,50,00,00,00,00,00,00,00,00,00,00,03,03,03,00,00,00,00,00,00,00,00,00,00,00,00,00,00,00,00,00,00
df,08,7a,00,ef,08,07,00,00,00,00,00,00,00,00,00,00,00,00,00,00,01,00,00,00,00,33,06,06,00,00,00,8d,00,00,01,03,00,00,00,01,c8,10,01,64,00,00,00,00,00,00,00,00,00,fe,00,00,00,00,00,00,00,00,00,00,00,00,00,00,00,00,00,00,00,00,00,00,00,00,00,00,00,00,00,00,00,00,00,00,00,00,00
f1,08,74,00,ff,08,07,00,00,00,00,00,00,00,00,00,00,00,00,00,00,01,00,00,00,00,33,06,06,00,00,00,8d,00,00,01,03,00,00,00,01,c8,10,01,64,00,00,00,00,fe,00,00,00,00,00,00,00,00,00,00,00,00,00,00,00,00,00,00,00,00,00,00,00,00,00,00,00,00,00,00,00,00,00,00,00,00,00,00,00,00,00,00
01,09,33,00,08,09,07,00,00,00,00,00,00,00,00,00,00,00,00,00,00,01,00,00,00,00,33,06,06,00,00,00,85,00,00,01,03,00,00,14,01,c8,10,01,64,00,00,00,00,00,00,00,00,00,00,00,00,00,00,00,00,00,00,00,00,00,00,00,00,00,00,00,00,00,00,00,00,00,00,00,00,00,00,00,00,00,00,00,00,00,00,00
0a,09,59,00,16,09,07,00,00,00,00,00,00,00,00,00,00,00,00,00,00,06,00,00,00,00,33,47,06,00,00,00,85,00,00,01,03,00,00,14,01,c8,20,01,64,00,fe,00,00,00,00,00,00,00,00,00,00,00,00,00,00,00,00,00,00,00,00,00,00,00,00,00,00,00,00,00,00,00,00,00,00,00,00,00,00,00,00,00,00,00,00,00
18,09,28,00,1e,09,07,00,00,00,00,00,00,00,00,00,bf,00,bf,00,00,0a,00,00,00,00,3b,47,06,00,00,00,82,00,00,01,03,00,00,00,03,00,50,01,00,01,00,00,00,00,00,00,00,00,00,00,00,00,00,00,00,00,00,00,00,00,00,00,00,00,00,00,00,00,00,00,00,00,00,00,00,00,00,00,00,00,00,00,00,00,00,00
20,09,23,00,25,09,07,00,00,00,00,00,00,00,00,00,00,00,00,00,00,01,00,00,00,00,33,06,06,40,00,00,85,00,00,01,03,00,00,00,01,fa,10,01,64,00,00,00,00,00,00,00,00,00,00,00,00,00,00,00,00,00,00,00,00,00,00,00,00,00,00,00,00,00,00,00,00,00,00,00,00,00,00,00,00,00,00,00,00,00,00,00
27,09,5e,00,33,09,07,00,00,00,00,00,00,00,00,00,00,00,00,00,00,01,00,00,00,00,33,06,06,00,00,00,84,00,00,01,02,00,00,00,01,78,08,01,64,00,00,00,00,00,00,00,00,00,00,00,00,00,00,00,00,00,00,00,00,00,00,00,00,00,00,00,00,00,00,00,00,00,00,00,00,00,00,00,00,04,00,00,00,00,00,00
35,09,4b,00,3f,09,07,00,00,00,00,00,00,00,00,00,00,00,00,00,00,01,00,00,00,00,33,47,16,00,00,00,85,00,00,01,03,00,00,00,01,c8,10,01,64,00,00,00,00,00,00,00,00,00,00,00,00,00,00,00,00,00,00,00,00,00,00,00,00,00,00,00,00,00,00,00,00,00,00,00,00,00,00,00,00,00,00,00,00,00,00,00
41,09,4b,00,4b,09,07,00,00,00,00,00,00,00,00,00,00,00,00,00,00,05,00,00,00,00,3b,47,06,00,00,00,85,00,00,03,03,00,00,00,01,00,0e,01,64,00,00,00,00,00,00,00,00,00,00,00,00,00,00,00,00,00,00,00,00,00,00,00,00,00,00,00,00,00,00,00,00,00,00,00,00,00,00,00,00,00,00,00,00,00,00,00
4d,09,54,00,58,09,07,00,00,00,00,00,00,00,00,00,10,01,10,01,00,03,00,00,00,00,33,47,06,00,00,00,85,00,00,01,03,00,00,00,01,00,19,01,64,00,00,00,00,00,00,00,00,00,00,00,00,00,00,00,00,00,00,00,00,00,00,00,00,00,00,00,00,00,00,00,00,00,00,00,00,00,00,00,00,00,00,00,00,00,00,00
5a,09,4a,00,64,09,07,00,00,00,00,00,00,00,00,00,79,01,79,01,00,09,00,00,00,00,3b,47,06,00,00,00,82,00,00,01,03,00,00,00,03,00,14,01,00,00,00,00,00,fe,fe,00,fe,00,00,fe,00,00,fe,00,00,00,00,00,00,00,00,00,00,00,00,63,00,00,00,00,00,00,00,00,00,00,00,00,00,00,00,00,00,00,00,00
66,09,33,00,6d,09,07,00,00,00,00,00,00,00,00,00,00,00,00,00,00,01,00,00,00,00,33,06,02,00,00,00,85,00,00,01,03,00,00,00,01,5a,10,01,64,00,00,00,00,00,00,00,00,00,00,00,00,00,00,00,00,00,00,00,00,00,00,00,00,00,00,00,00,00,00,00,00,00,00,00,00,00,00,00,00,00,00,00,00,00,00,00
6f,09,7b,00,7f,09,07,00,00,00,00,00,00,00,00,00,19,01,19,01,00,0b,00,00,00,00,33,47,06,00,00,00,82,00,00,01,03,00,00,00,03,00,ff,01,64,00,00,00,00,00,00,00,00,00,00,00,00,00,00,00,00,00,00,00,00,00,00,00,00,00,00,00,00,00,00,00,00,00,00,00,00,00,00,00,00,00,00,00,00,00,00,00
81,09,57,00,8d,09,07,00,00,00,00,00,00,00,00,00,1a,01,1a,01,00,0a,00,00,00,00,3b,47,06,00,00,00,80,00,00,01,03,00,00,00,01,00,20,01,64,00,00,00,00,fe,fe,00,00,00,00,00,00,00,00,00,00,00,00,00,00,00,00,00,00,00,fe,00,00,00,00,00,00,00,00,00,00,00,00,fe,00,04,00,00,00,00,00,00
8f,09,30,00,96,09,07,00,00,00,00,00,00,00,00,00,00,02,00,02,00,03,00,00,00,00,33,45,06,00,01,00,0d,00,00,01,03,00,00,00,01,00,15,01,00,00,00,00,00,00,00,00,00,00,00,00,00,00,00,00,00,00,00,00,00,00,00,00,00,00,00,00,00,00,00,00,00,00,00,00,00,00,00,00,00,00,00,00,00,00,00,00
98,09,45,00,a1,09,07,00,00,00,00,00,00,00,00,00,01,02,01,02,00,03,00,00,00,00,33,45,06,00,01,00,0d,00,00,01,03,00,00,00,01,00,15,01,00,00,00,00,00,00,00,00,00,00,00,00,00,00,00,00,00,00,00,00,00,00,00,00,00,00,00,00,00,00,00,00,00,00,00,00,00,00,00,00,00,00,00,00,00,00,00,00
a3,09,3e,00,ab,09,07,00,00,00,00,00,00,00,00,00,02,02,02,02,00,03,00,00,00,00,33,45,06,00,01,00,0d,00,00,01,03,00,00,00,01,00,02,0f,00,00,00,00,00,00,00,00,00,00,00,00,00,00,00,00,00,00,00,00,00,00,00,00,00,00,00,00,00,00,00,00,00,00,00,00,00,00,00,00,00,00,00,00,00,00,00,00
ad,09,60,00,ba,09,07,00,00,00,00,00,00,00,00,00,03,02,03,02,00,03,00,00,00,00,33,45,06,00,00,40,0c,00,00,01,03,00,00,00,01,00,0a,06,00,00,00,00,00,00,00,00,00,00,00,00,00,00,00,00,00,00,00,00,00,00,00,00,00,00,00,00,00,00,00,00,00,00,00,00,00,00,00,00,00,00,00,00,00,00,00,00
bc,09,64,00,c9,09,07,00,00,00,00,00,00,00,00,00,3c,02,3c,02,00,03,00,00,00,00,3b,45,06,00,00,00,00,00,00,00,03,00,00,00,03,00,00,01,00,00,00,00,00,00,00,00,00,00,00,00,00,00,00,00,00,ff,ff,00,ff,ff,ff,ff,00,00,00,00,00,00,06,06,00,01,01,01,01,00,00,00,00,00,00,00,00,00,00,00
cb,09,33,00,d2,09,07,00,00,00,00,00,00,00,00,00,00,00,00,00,00,01,00,00,00,00,33,06,52,00,00,00,0d,00,00,01,03,00,00,00,01,78,10,01,64,00,00,00,00,00,00,00,00,00,00,00,00,00,00,00,1e,00,00,00,00,00,00,00,00,00,00,00,00,03,00,00,00,00,00,00,00,00,00,00,00,00,00,00,00,00,00,00
d4,09,33,00,db,09,07,00,00,00,00,00,00,00,00,00,ac,00,ac,00,00,0a,00,00,00,00,3b,47,02,00,00,00,00,00,00,01,01,00,00,00,03,00,16,01,00,02,00,00,00,00,00,00,00,00,00,00,00,00,00,00,00,00,00,00,00,00,00,00,00,00,00,00,00,00,00,00,00,00,00,00,00,00,00,00,00,00,00,00,00,00,00,00
dd,09,33,00,e4,09,07,00,00,00,00,00,00,00,00,00,ad,00,ad,00,00,0b,00,00,00,00,3b,47,02,00,00,00,00,00,00,01,01,00,00,00,03,00,16,01,00,04,00,00,00,00,00,00,00,00,00,00,00,00,00,00,00,00,00,00,00,00,00,00,00,00,00,00,00,00,00,00,00,00,00,00,00,00,00,00,00,00,00,00,00,00,00,00
e6,09,8d,00,f8,09,07,00,00,00,00,00,00,00,00,00,14,01,14,01,00,09,00,00,00,00,3b,47,06,00,00,00,02,00,00,01,03,00,00,00,03,00,28,01,64,00,00,00,00,00,00,00,00,00,00,00,00,00,00,00,00,00,00,00,00,00,00,00,00,00,00,00,00,00,00,00,00,00,00,00,00,00,00,00,00,00,00,00,00,00,00,00
fa,09,64,00,08,0a,07,00,00,00,00,00,00,00,00,00,00,00,00,00,00,01,00,00,00,00,33,06,06,00,00,00,04,00,00,01,01,00,00,0a,01,00,10,01,64,00,00,00,00,00,00,00,00,00,00,00,00,00,00,00,00,00,00,00,00,00,00,00,00,00,00,00,00,00,00,00,00,00,00,00,00,00,00,00,00,00,00,00,00,00,00,00
0a,0a,3c,00,12,0a,07,00,00,00,00,00,00,00,00,00,00,00,00,00,00,01,00,00,00,00,33,06,02,00,00,00,05,00,00,01,01,00,00,0a,01,00,10,01,64,00,00,00,00,00,00,00,00,00,00,00,00,00,00,00,00,00,00,00,00,00,00,00,00,00,00,00,00,00,00,00,00,00,00,00,00,00,00,00,00,00,00,00,00,00,00,00
14,0a,15,00,18,0a,07,00,00,00,00,00,00,00,00,00,04,02,04,02,00,16,00,00,00,00,73,47,02,00,00,00,00,00,00,00,03,00,00,00,00,00,00,01,00,00,00,00,00,00,00,00,00,00,00,00,00,00,00,00,00,00,00,00,00,00,00,00,00,00,00,00,00,00,00,00,00,00,00,00,00,00,00,00,00,00,00,00,00,00,00,00
1a,0a,37,00,23,0a,07,00,00,00,00,00,00,00,00,00,33,02,64,02,00,03,00,00,00,00,3b,45,06,00,00,40,00,00,00,01,03,00,00,00,03,00,46,01,00,01,00,00,00,00,00,00,00,00,00,00,00,00,00,00,00,00,00,00,00,00,00,00,00,00,00,00,00,00,00,00,00,00,00,00,00,00,00,00,00,00,00,00,00,00,00,00
25,0a,70,00,33,0a,07,00,00,00,00,00,00,00,00,00,a4,00,65,02,00,03,00,00,00,00,3b,45,06,00,00,40,00,00,00,01,03,00,00,00,03,00,28,01,00,04,00,00,00,00,00,00,00,00,00,00,00,00,00,00,00,00,00,00,00,00,00,00,00,00,00,00,00,00,00,00,00,00,00,00,00,00,00,00,00,00,00,00,00,00,00,00
35,0a,33,00,3c,0a,07,00,00,00,00,00,00,00,00,00,00,00,00,00,00,01,00,00,00,00,33,06,52,00,00,00,00,00,00,01,03,00,00,00,06,00,c8,01,0a,00,00,00,00,00,00,00,00,00,00,00,00,00,00,00,00,00,00,00,00,00,00,00,00,00,00,00,00,00,00,00,00,00,00,00,00,00,00,00,00,00,00,00,00,00,00,00
3e,0a,6b,00,4c,0a,07,00,00,00,00,00,00,00,00,00,0a,02,0a,02,00,09,00,00,00,00,3b,45,06,00,40,00,02,00,00,01,03,00,00,00,03,00,32,01,00,00,00,00,00,00,00,00,00,00,00,00,00,00,00,00,00,00,00,00,00,00,00,00,00,00,00,00,00,00,00,00,00,00,00,00,00,00,00,00,00,00,00,00,00,00,00,00
4e,0a,36,00,55,0a,07,00,00,00,00,00,00,00,00,00,13,01,13,01,00,0a,00,00,00,00,33,47,06,00,00,00,80,00,00,01,03,00,00,00,03,00,ff,01,00,00,00,00,00,00,00,00,00,00,00,00,00,00,00,00,00,00,00,00,00,00,00,00,00,00,00,00,00,00,00,00,00,00,00,00,00,00,00,00,00,00,00,00,00,00,00,00
57,0a,5a,00,63,0a,07,00,00,00,00,00,00,00,00,00,b8,00,b8,00,00,10,00,00,00,00,33,45,06,40,00,00,0d,00,00,01,03,00,00,00,06,00,c8,01,00,00,00,00,00,00,00,00,00,00,00,00,00,00,00,00,00,00,00,00,00,00,00,00,00,00,00,00,00,00,00,00,00,00,00,00,00,00,00,00,00,00,00,00,00,00,00,00
65,0a,33,00,6c,0a,07,00,00,00,00,00,00,00,00,00,00,00,00,00,00,01,00,00,00,00,33,06,52,00,00,00,0d,00,00,01,03,00,00,00,01,a0,10,01,0a,00,00,00,00,00,00,00,00,00,00,00,00,00,00,00,00,00,00,00,00,00,00,00,00,00,00,00,00,00,00,00,00,00,00,00,00,00,00,00,00,00,00,00,00,00,00,00
6e,0a,33,00,75,0a,07,00,00,00,00,00,00,00,00,00,0e,00,0e,00,00,03,00,00,00,00,3b,45,06,00,03,00,02,00,00,04,03,00,00,00,0d,00,10,01,00,00,00,00,00,00,00,00,00,00,00,00,00,00,00,00,00,00,00,00,00,00,00,00,00,00,fe,00,00,00,00,00,00,00,00,00,00,00,00,fe,00,00,00,00,00,00,00,00
77,0a,33,00,7e,0a,07,00,00,00,00,00,00,00,00,00,00,00,00,00,00,01,00,00,00,00,33,06,52,00,00,00,0d,00,00,01,03,00,00,00,01,5a,10,01,0a,00,00,00,00,00,00,00,00,00,00,00,00,00,00,00,00,00,00,00,00,00,00,00,00,00,fe,00,00,00,00,00,00,00,00,00,00,00,00,fe,00,00,00,00,00,00,00,00
80,0a,37,00,88,0a,07,00,00,00,00,00,00,00,00,00,c9,00,c9,00,00,0a,00,00,00,00,33,45,06,40,00,00,8d,00,00,01,03,00,00,21,01,00,24,01,64,00,00,00,00,00,00,00,00,00,00,00,00,00,00,00,00,00,00,00,00,00,00,00,00,00,00,00,00,00,00,00,00,00,00,00,00,00,00,00,00,00,00,00,00,00,00,00
8a,0a,33,00,91,0a,07,00,00,00,00,00,00,00,00,00,00,00,00,00,00,01,00,00,00,00,33,06,02,00,00,00,8d,00,00,01,03,00,00,0a,01,00,10,01,64,00,00,00,00,00,00,00,00,00,00,00,00,00,00,00,00,00,00,00,00,00,00,00,00,00,00,00,00,00,00,00,00,00,00,00,00,00,00,00,00,00,00,00,00,00,00,00
93,0a,ac,00,a8,0a,07,00,00,00,00,00,00,00,00,00,18,01,18,01,00,09,00,00,00,00,3b,47,06,00,00,00,82,00,00,01,03,00,00,00,03,00,22,01,64,00,00,00,00,00,00,00,00,00,00,00,00,00,00,00,00,00,00,00,00,00,00,00,00,00,00,00,00,00,00,00,00,00,00,00,00,00,00,00,00,00,00,00,00,00,00,00
aa,0a,6d,00,b8,0a,07,00,00,00,00,00,00,00,00,00,65,01,65,01,00,0a,00,00,00,00,33,47,06,00,00,00,80,00,00,01,03,00,00,00,17,00,33,01,64,00,00,00,00,00,00,00,00,00,00,00,00,00,00,00,00,00,00,00,00,00,00,00,00,00,00,00,00,00,00,00,00,00,00,00,00,00,00,00,00,00,00,00,00,00,00,00
ba,0a,2d,00,c1,0a,07,00,00,00,00,00,00,00,00,00,6a,00,6a,00,00,03,00,00,00,00,b7,05,06,00,23,15,82,00,00,01,03,00,00,00,03,00,46,01,64,00,00,00,00,00,00,00,00,00,00,00,00,00,00,00,00,00,00,00,00,00,00,00,00,00,00,00,00,00,00,00,00,00,00,00,00,00,00,00,00,00,00,00,00,00,00,00
c3,0a,5b,00,ce,0a,07,00,00,00,00,00,00,00,00,00,1b,01,1b,01,00,03,00,00,00,00,3b,45,06,00,00,00,80,00,00,01,03,00,00,00,02,00,24,01,64,00,00,00,00,00,00,00,00,00,00,00,00,00,00,00,00,00,00,00,00,00,00,00,00,00,00,00,00,00,00,00,00,00,00,00,00,00,00,00,00,00,00,00,00,00,00,00
d0,0a,72,00,de,0a,07,00,00,00,00,00,00,00,00,00,00,00,00,00,00,01,00,00,00,00,33,47,06,00,00,00,80,00,00,01,03,00,00,00,01,00,20,01,64,00,64,00,00,00,00,00,00,00,00,00,00,00,00,00,00,00,00,00,00,00,00,00,00,00,00,00,00,00,00,00,00,00,00,00,00,00,00,00,00,00,00,00,00,00,00,00
e0,0a,32,00,e7,0a,07,00,00,00,00,00,00,00,00,00,09,01,09,01,00,09,00,00,00,00,33,47,06,00,00,00,82,00,00,01,03,00,00,00,03,00,00,01,64,00,00,00,ff,00,00,00,00,00,00,00,00,00,00,00,00,00,00,00,00,00,00,00,00,00,00,00,00,00,00,00,00,00,00,00,00,00,00,00,00,00,00,00,00,00,00,00
e9,0a,55,00,f5,0a,07,00,00,00,00,00,00,00,00,00,f5,00,f5,00,00,0a,00,00,00,00,3b,45,06,00,00,00,82,00,00,01,03,00,00,00,03,00,2b,01,64,00,00,00,00,fe,00,00,00,00,fe,00,00,00,00,00,00,00,00,00,00,00,00,00,00,00,00,00,00,00,00,00,00,00,00,00,00,00,00,00,00,04,00,00,00,00,00,00
f7,0a,5a,00,03,0b,07,00,00,00,00,00,00,00,00,00,f6,00,f6,00,00,0b,00,00,00,00,33,45,06,00,00,00,81,00,00,01,03,00,00,00,03,00,34,01,64,00,00,00,00,00,fe,fe,fe,fe,00,00,00,00,00,00,00,00,00,00,00,00,00,00,00,00,00,00,00,00,00,00,00,00,00,00,00,00,00,00,00,00,00,00,00,00,00,00
05,0b,78,00,14,0b,07,00,00,00,00,00,00,00,00,00,f7,00,f7,00,00,0c,00,00,00,00,3b,47,06,00,00,00,85,00,00,01,03,00,00,1e,01,00,10,01,64,00,00,00,00,00,00,00,00,00,00,00,00,00,00,00,00,00,00,00,00,00,00,00,00,00,00,00,00,00,00,00,00,00,00,00,00,00,00,00,00,00,00,00,00,00,00,00
16,0b,3c,00,1e,0b,07,00,00,00,00,00,00,00,00,00,81,01,81,01,00,0a,00,00,00,00,3b,47,06,00,00,00,80,00,00,01,03,00,00,00,01,00,0e,01,64,00,00,00,00,00,00,00,00,00,19,00,00,00,32,32,32,00,00,00,00,00,00,00,00,00,00,03,03,03,00,00,00,00,00,00,00,00,00,00,00,04,00,00,00,00,00,00
20,0b,62,00,2c,0b,07,00,00,00,00,00,00,00,00,00,3a,01,3a,01,00,09,00,00,00,00,33,47,06,00,00,00,82,00,00,01,03,00,00,00,04,00,3f,01,64,00,00,00,00,00,00,00,00,00,00,00,00,00,00,00,00,00,00,00,00,00,00,00,00,00,00,00,00,00,00,00,00,00,00,00,00,00,00,00,00,00,00,00,00,00,00,00
2e,0b,41,00,36,0b,07,00,00,00,00,00,00,00,00,00,00,00,00,00,00,06,00,00,00,00,3b,47,06,40,00,00,a5,00,00,01,03,00,00,19,01,00,0c,01,64,00,00,00,00,00,00,00,00,00,00,00,00,00,00,00,00,ff,ff,ff,ff,ff,ff,ff,ff,ff,00,00,00,00,fe,fe,fe,fe,fe,fe,fe,fe,fe,00,00,02,00,00,00,00,00,00
38,0b,78,00,48,0b,07,00,00,00,00,00,00,00,00,00,00,00,00,00,00,05,00,00,00,00,3b,47,06,00,00,00,81,00,00,01,03,00,00,00,08,00,0f,01,64,00,00,00,00,00,00,00,00,00,00,00,00,00,00,00,00,00,00,00,00,00,00,00,00,00,00,00,00,00,00,00,00,00,00,00,00,00,00,00,00,00,00,00,00,00,00,00
4a,0b,6b,00,58,0b,07,00,00,00,00,00,00,00,00,00,27,01,00,00,00,04,00,00,00,00,33,47,06,00,00,00,80,00,00,01,03,00,00,00,03,00,4b,01,64,00,00,ff,00,ff,fe,fe,fe,fe,fe,00,00,00,00,00,00,00,00,00,00,00,00,00,00,00,fe,00,00,00,00,00,00,00,00,00,00,00,00,fe,00,00,00,00,00,00,00,00
5a,0b,2f,00,60,0b,07,00,00,00,00,00,00,00,00,00,0f,01,0f,01,00,09,00,00,00,00,33,47,06,00,00,00,80,00,00,01,03,00,00,00,16,00,64,01,00,00,00,00,00,00,00,00,00,00,00,00,00,00,00,00,00,00,00,00,00,00,00,00,00,00,00,00,00,00,00,00,00,00,00,00,00,00,00,00,00,00,00,00,00,00,00,00
62,0b,30,00,69,0b,07,00,00,00,00,00,00,00,00,00,00,02,00,02,00,03,00,00,00,00,33,45,06,00,00,00,a1,00,00,01,03,00,00,00,04,00,64,01,64,00,00,00,00,00,00,00,00,00,00,00,00,00,00,00,00,00,00,00,00,00,00,00,00,00,00,00,00,00,00,00,00,00,00,00,00,00,00,00,00,02,00,00,00,00,00,00
6b,0b,45,00,74,0b,07,00,00,00,00,00,00,00,00,00,01,02,01,02,00,03,00,00,00,00,33,45,06,00,00,00,81,00,00,03,03,00,00,00,04,00,64,01,64,00,00,00,00,00,00,00,00,00,00,00,00,00,00,00,00,00,00,00,00,00,00,00,00,00,00,00,00,00,00,00,00,00,00,00,00,00,00,00,00,00,00,00,00,00,00,00
76,0b,3e,00,7e,0b,07,00,00,00,00,00,00,00,00,00,02,02,02,02,00,03,00,00,00,00,33,45,06,00,00,00,84,00,00,01,03,00,00,0f,01,00,04,0f,64,00,fe,00,00,00,00,00,00,00,00,00,00,00,00,00,00,00,00,00,00,00,00,00,00,00,00,00,00,00,00,00,00,00,00,00,00,00,00,00,00,00,00,00,00,00,00,00
80,0b,33,00,87,0b,07,00,00,00,00,00,00,00,00,00,00,00,00,00,00,01,00,00,00,00,33,06,02,00,00,00,8d,00,00,01,03,00,00,00,01,00,10,01,32,00,00,00,00,fe,00,00,00,00,00,00,00,00,00,00,00,00,00,00,00,00,00,00,00,00,00,00,00,00,00,00,00,00,00,00,00,00,00,00,00,00,00,00,00,00,00,00
89,0b,40,00,92,0b,07,00,00,00,00,00,00,00,00,00,52,01,6d,01,00,03,00,00,00,00,33,45,06,00,00,00,80,00,00,00,03,00,00,00,03,00,00,01,00,00,00,00,00,fe,fe,fe,fe,fe,00,00,00,00,00,fe,fe,00,00,00,00,00,00,00,00,00,00,00,fe,fe,00,00,00,00,00,00,00,00,00,00,00,04,00,00,00,00,00,00
94,0b,6f,00,a2,0b,07,00,00,00,00,00,00,00,00,00,66,00,67,00,00,03,00,00,00,00,3b,06,06,00,00,00,82,00,00,01,03,00,00,00,08,00,07,01,00,00,00,00,00,00,00,00,00,00,00,00,00,00,fe,fe,fe,00,00,00,00,00,00,00,00,00,fe,63,63,63,00,00,00,00,00,00,00,00,00,fe,00,40,00,00,00,00,00,00
a4,0b,60,00,b1,0b,07,00,00,00,00,00,00,00,00,00,03,02,03,02,00,03,00,00,00,00,3b,45,06,00,00,40,ac,00,00,01,03,00,00,00,0f,00,50,06,00,00,00,00,00,00,00,00,00,00,00,00,00,00,00,00,00,00,00,00,00,00,00,00,00,00,00,00,00,00,00,00,00,00,00,00,00,00,00,00,00,02,00,00,00,00,00,00
b3,0b,36,00,ba,0b,07,00,00,00,00,00,00,00,00,00,af,01,af,01,00,03,00,00,00,00,33,47,06,00,00,00,81,00,00,01,03,00,00,00,01,00,10,01,00,00,00,00,00,00,fe,fe,fe,fe,00,00,00,00,00,00,00,00,00,00,00,00,00,00,00,00,fe,00,00,00,00,00,00,00,00,00,00,00,00,fe,00,00,00,00,00,00,00,00
bc,0b,48,00,c6,0b,07,00,00,00,00,00,00,00,00,00,b0,01,b0,01,00,03,00,00,00,00,33,47,06,00,00,00,81,00,00,01,03,00,00,00,01,00,20,01,64,00,00,00,00,00,00,00,00,00,00,00,00,00,00,00,00,00,00,00,00,00,00,00,00,00,00,00,00,00,00,00,00,00,00,00,00,00,00,00,00,00,00,00,00,00,00,00
c8,0b,48,00,d2,0b,07,00,00,00,00,00,00,00,00,00,b0,01,b0,01,00,03,00,00,00,00,3b,47,06,00,00,00,81,00,00,01,03,00,00,00,01,00,1c,01,64,00,00,00,00,00,00,00,00,00,00,00,00,00,00,00,00,00,00,00,00,00,00,00,00,00,00,00,00,00,00,00,00,00,00,00,00,00,00,00,00,00,00,00,00,00,00,00
d4,0b,41,00,dc,0b,07,00,00,00,00,00,00,00,00,00,b2,01,b2,01,00,03,00,00,00,00,3b,47,06,00,00,40,a0,00,00,01,03,00,00,00,01,00,fa,01,64,00,00,00,00,00,00,00,00,00,00,00,00,00,00,00,00,00,00,00,00,00,00,00,00,00,00,00,00,00,00,00,00,00,00,00,00,00,00,00,00,02,00,00,00,00,00,00
de,0b,38,00,e6,0b,07,00,00,00,00,00,00,00,00,00,00,00,00,00,00,01,00,00,00,00,33,45,06,00,00,00,80,00,00,01,03,00,00,00,01,00,08,01,00,00,00,00,fe,fe,00,00,00,00,00,00,00,00,00,00,00,00,00,00,00,00,00,00,00,00,00,00,00,00,00,00,00,00,00,00,00,00,00,00,00,00,00,00,00,00,00,00
e8,0b,37,00,f1,0b,07,00,00,00,00,00,00,00,00,00,33,01,33,01,00,03,00,00,00,00,3b,45,06,00,00,40,80,00,00,01,03,00,00,00,0f,00,03,01,00,00,00,00,00,00,00,00,00,00,00,00,00,00,00,00,00,00,00,00,00,00,00,00,00,00,00,00,00,00,00,00,00,00,00,00,00,00,00,00,00,00,00,00,00,00,00,00
f3,0b,37,00,fc,0b,07,00,00,00,00,00,00,00,00,00,33,02,64,02,00,03,00,00,00,00,3b,45,06,00,00,40,80,00,00,01,03,00,00,00,0f,00,03,01,00,00,00,00,00,00,00,00,00,00,00,00,00,00,00,00,00,00,00,00,00,00,00,00,00,00,00,00,00,00,00,00,00,00,00,00,00,00,00,00,00,00,00,00,00,00,00,00
fe,0b,6a,00,0c,0c,07,00,00,00,00,00,00,00,00,00,31,01,31,01,00,03,00,00,00,00,33,45,06,40,00,00,82,00,00,01,03,00,00,00,0f,00,02,01,00,00,00,00,00,00,00,00,00,00,00,00,00,00,00,00,00,00,00,00,00,00,00,00,00,00,00,00,00,00,00,00,00,00,00,00,00,00,00,00,00,00,00,00,00,00,00,00
0e,0c,33,00,15,0c,07,00,00,00,00,00,00,00,00,00,00,00,00,00,00,01,00,00,00,00,33,06,02,00,00,00,85,00,00,01,03,00,00,19,01,00,10,01,64,00,00,00,00,00,00,00,00,00,00,00,00,00,00,00,00,00,00,00,00,00,00,00,00,00,00,00,00,00,00,00,00,00,00,00,00,00,00,00,00,00,00,00,00,00,00,00
17,0c,4e,00,21,0c,07,00,00,00,00,00,00,00,00,00,47,00,47,00,00,03,00,00,00,00,33,45,06,00,00,00,a1,00,00,01,03,00,00,00,01,00,28,01,64,00,00,00,00,00,00,00,00,00,00,00,00,00,00,00,00,fe,fe,fe,fe,fe,fe,fe,fe,fe,00,00,00,00,fe,fe,fe,fe,fe,fe,fe,fe,fe,00,00,02,00,00,00,00,00,00
23,0c,70,00,31,0c,07,00,00,00,00,00,00,00,00,00,9b,00,9b,00,00,03,00,00,00,00,3b,45,06,00,00,40,80,00,00,01,03,00,00,00,0f,00,03,01,00,00,00,00,00,00,fe,fe,fe,fe,00,00,00,00,00,00,00,00,00,00,00,00,00,00,00,00,00,00,00,00,00,00,00,00,00,00,00,00,00,00,00,00,00,00,00,00,00,00
33,0c,70,00,41,0c,07,00,00,00,00,00,00,00,00,00,a4,00,65,02,00,03,00,00,00,00,3b,45,06,00,00,40,80,00,00,01,03,00,00,00,0f,00,03,01,00,00,00,00,00,00,fe,fe,fe,fe,00,00,00,00,00,00,00,00,00,00,00,00,00,00,00,00,00,00,00,00,00,00,00,00,00,00,00,00,00,00,00,00,00,00,00,00,00,00
43,0c,44,00,4c,0c,07,00,00,00,00,00,00,00,00,00,5e,00,5f,00,00,03,00,00,00,00,33,07,06,40,00,00,82,00,00,01,03,00,00,00,03,00,c8,01,00,00,00,00,00,00,00,00,00,00,00,00,00,00,00,00,00,00,00,00,00,00,00,00,00,00,00,00,03,00,00,00,00,00,00,00,00,00,00,00,00,00,00,00,00,00,00,00
4e,0c,33,00,55,0c,07,00,00,00,00,00,00,00,00,00,00,00,00,00,00,01,00,00,00,00,33,06,52,00,00,00,8d,00,00,01,03,00,00,00,01,fe,10,01,64,00,00,00,00,00,00,00,fe,fe,00,00,00,00,fe,00,00,00,00,00,00,00,00,00,00,00,00,63,00,00,00,00,00,00,00,00,00,00,00,00,00,00,00,00,00,00,00,00
57,0c,33,00,5e,0c,07,00,00,00,00,00,00,00,00,00,00,00,00,00,00,01,00,00,00,00,33,06,52,00,00,00,8d,00,00,01,03,00,00,00,01,fe,10,01,64,00,00,00,00,00,00,00,fe,fe,fe,00,00,00,00,00,00,00,00,00,00,00,00,00,00,00,00,00,00,00,00,00,00,00,00,00,00,00,00,00,00,00,00,00,00,00,00,00
60,0c,4e,00,6a,0c,07,00,00,00,00,00,00,00,00,00,47,00,47,00,00,03,00,00,00,00,33,45,06,00,00,00,a1,00,00,01,03,00,00,00,01,00,28,01,64,00,00,00,00,00,00,00,00,00,00,00,00,00,00,00,00,fe,fe,fe,fe,fe,fe,fe,fe,fe,00,00,00,00,fe,fe,fe,fe,fe,fe,fe,fe,fe,00,00,02,00,00,00,00,00,00
6c,0c,79,00,7c,0c,07,00,00,00,00,00,00,00,00,00,a3,00,a3,00,00,03,00,00,00,00,33,45,06,00,00,00,81,00,00,01,02,00,00,00,01,00,20,01,64,00,fe,00,00,00,00,00,00,00,fe,fe,00,00,00,00,00,00,00,00,00,00,00,00,00,00,00,00,00,00,00,00,00,00,00,00,00,00,00,00,00,00,00,00,00,00,00,00
7e,0c,65,00,8b,0c,07,00,00,00,00,00,00,00,00,00,a5,00,a5,00,00,03,00,00,00,00,3b,45,06,00,00,40,80,00,00,01,03,00,00,00,0f,00,03,01,00,00,00,00,00,00,00,00,00,00,00,00,00,00,00,00,00,00,00,00,00,00,00,00,00,00,00,00,00,00,00,00,00,00,00,00,00,00,00,00,00,00,00,00,00,00,00,00
8d,0c,33,00,94,0c,07,00,00,00,00,00,00,00,00,00,00,00,00,00,00,01,00,00,00,00,33,06,02,00,00,00,a5,00,00,01,01,00,00,19,01,00,10,01,00,00,00,00,00,00,00,00,00,00,00,00,00,00,00,00,00,fe,fe,fe,fe,fe,fe,fe,fe,fe,00,00,00,00,fe,fe,fe,fe,fe,fe,fe,fe,fe,00,00,02,00,00,00,00,00,00
96,0c,52,00,a1,0c,07,00,00,00,00,00,00,00,00,00,aa,00,aa,00,00,03,00,00,00,00,3b,45,06,40,00,40,a0,00,00,01,03,00,00,00,0f,00,02,01,00,00,00,00,00,00,00,00,00,00,00,00,00,00,00,00,00,fe,fe,fe,fe,fe,fe,fe,fe,fe,00,00,00,00,fe,fe,fe,fe,fe,fe,fe,fe,fe,00,00,00,00,00,00,00,00,00
a3,0c,39,00,ab,0c,07,00,00,00,00,00,00,00,00,00,a9,00,a9,00,00,03,00,00,00,00,3b,45,06,40,00,00,80,00,00,01,03,00,00,00,01,00,08,01,00,00,00,00,fe,00,fe,fe,fe,fe,00,00,00,00,00,00,00,00,00,00,00,00,00,00,00,00,ff,00,00,00,00,00,00,00,00,00,00,00,00,fe,00,00,00,00,00,00,00,00
ad,0c,33,00,b4,0c,07,00,00,00,00,00,00,00,00,00,00,00,00,00,00,01,00,00,00,00,33,45,02,00,00,00,8d,00,00,01,03,00,00,14,01,00,10,01,64,00,00,fe,fe,fe,00,00,00,00,00,00,00,00,00,00,00,00,00,00,00,00,00,00,00,00,00,00,00,00,00,00,00,00,00,00,00,00,00,00,00,04,00,00,00,00,00,00
b6,0c,1e,00,bb,0c,07,00,00,00,00,00,00,00,00,00,99,00,99,00,00,03,00,00,00,00,33,45,06,00,00,00,82,00,00,00,03,00,00,00,03,00,00,01,00,00,ff,00,00,00,00,00,00,00,00,00,00,00,00,00,00,00,00,00,00,00,00,00,00,00,00,00,00,00,00,00,00,00,00,00,00,00,00,00,00,00,00,00,00,00,00,00
bd,0c,39,00,c6,0c,07,00,00,00,00,00,00,00,00,00,9a,00,9a,00,00,03,00,00,00,00,3b,45,06,40,00,40,a0,00,00,03,03,00,00,00,04,00,02,10,00,00,00,00,00,00,00,00,00,00,00,00,00,00,00,00,00,fe,fe,fe,fe,fe,fe,fe,fe,fe,00,00,00,00,fe,fe,fe,fe,fe,fe,fe,fe,fe,00,00,00,00,00,00,00,00,00
c8,0c,51,00,d3,0c,07,00,00,00,00,00,00,00,00,00,c0,02,c0,02,00,09,00,00,00,00,33,06,06,00,00,00,81,00,00,03,03,00,00,00,01,00,20,01,64,00,00,00,00,00,00,00,fe,fe,00,00,00,00,00,00,00,00,00,00,00,00,00,00,00,00,00,00,00,00,00,00,00,00,00,00,00,00,00,00,00,00,00,00,00,00,00,00
d5,0c,59,00,e2,0c,07,00,00,00,00,00,00,00,00,00,c1,02,c1,02,00,11,00,00,00,00,3b,06,06,00,00,00,81,00,00,01,03,00,00,00,01,fe,18,01,64,00,00,00,00,00,00,00,00,00,00,00,00,00,00,00,00,00,00,00,00,00,00,00,00,00,fe,00,00,00,00,00,00,00,00,00,00,00,00,fe,00,00,00,00,00,00,00,00
e4,0c,6b,00,f1,0c,07,00,00,00,00,00,00,00,00,00,c2,02,c2,02,00,11,00,00,00,00,3b,06,06,00,00,00,80,00,00,03,03,00,00,00,0f,00,f0,01,64,00,00,00,00,00,00,00,00,00,00,00,00,00,00,00,00,00,00,00,00,00,00,00,00,00,00,00,00,00,00,00,00,00,00,00,00,00,00,00,00,00,00,00,00,00,00,00
f3,0c,52,00,fe,0c,07,00,00,00,00,00,00,00,00,00,c3,02,c3,02,00,11,00,00,00,00,73,47,02,00,00,00,00,00,00,00,03,00,00,00,00,00,00,00,00,00,00,00,00,00,00,00,00,00,00,00,00,00,00,00,00,00,00,00,00,00,00,00,00,00,00,00,00,00,00,00,00,00,00,00,00,00,00,00,00,00,00,00,00,00,00,00
00,0d,58,00,0b,0d,07,00,00,00,00,00,00,00,00,00,c5,02,c5,02,00,03,00,00,00,00,73,47,02,00,00,00,00,00,00,00,03,00,00,00,00,00,00,00,00,00,00,00,00,00,00,00,00,00,00,00,00,00,00,00,00,00,00,00,00,00,00,00,00,00,00,00,00,00,00,00,00,00,00,00,00,00,00,00,00,00,00,00,00,00,00,00
0d,0d,2b,00,13,0d,07,00,00,00,00,00,00,00,00,00,c4,02,c4,02,00,11,00,00,00,00,73,47,02,00,00,00,00,00,00,00,03,00,00,00,00,00,00,00,00,00,00,00,00,00,00,00,00,00,00,00,00,00,00,00,00,00,00,00,00,00,00,00,00,00,00,00,00,00,00,00,00,00,00,00,00,00,00,00,00,00,00,00,00,00,00,00
15,0d,64,00,22,0d,07,00,00,00,00,00,00,00,00,00,00,00,00,00,00,05,00,00,00,00,73,47,06,00,00,00,00,00,00,00,03,00,00,00,00,00,00,00,00,00,00,00,00,00,00,00,00,00,00,00,00,00,00,00,00,00,00,00,00,00,00,00,00,00,00,00,00,00,00,00,00,00,00,00,00,00,00,00,00,00,00,00,00,00,00,00
24,0d,3d,00,2c,0d,07,00,00,00,00,00,00,00,00,00,00,00,00,00,00,06,00,00,00,00,73,47,02,00,00,00,00,00,00,00,03,00,00,00,00,00,00,00,00,00,00,00,00,00,00,00,00,00,00,00,00,00,00,00,00,00,00,00,00,00,00,00,00,00,00,00,00,00,00,00,00,00,00,00,00,00,00,00,00,00,00,00,00,00,00,00
2e,0d,33,00,35,0d,07,00,00,00,00,00,00,00,00,00,00,00,00,00,00,01,00,00,00,00,33,06,02,00,00,00,8d,00,00,01,03,00,00,00,01,00,24,01,64,00,00,00,fe,00,00,00,00,00,00,00,00,00,00,00,00,00,00,00,00,00,00,00,00,00,00,00,00,00,00,00,00,00,00,00,00,00,00,00,00,00,00,00,00,00,00,00
37,0d,61,00,44,0d,07,00,00,00,00,00,00,00,00,00,97,00,5c,02,00,03,00,00,00,00,3b,45,06,00,00,40,80,00,00,01,03,00,00,00,0f,00,04,01,64,00,00,00,00,00,00,00,00,00,00,00,00,00,00,00,00,00,00,00,00,00,00,00,00,00,00,00,00,00,00,00,00,00,00,00,00,00,00,00,00,00,00,00,00,00,00,00
46,0d,6f,00,54,0d,07,00,00,00,00,00,00,00,00,00,66,00,67,00,00,03,00,00,00,00,3b,06,06,00,00,04,82,00,00,01,03,00,00,00,08,00,0c,01,00,00,00,00,00,00,00,00,00,00,00,00,00,00,fe,fe,fe,00,00,00,00,00,00,00,00,00,fe,63,63,63,00,00,00,00,00,00,00,00,00,fe,00,40,00,00,00,00,00,00
56,0d,64,00,63,0d,07,00,00,00,00,00,00,00,00,00,3c,02,00,00,00,03,00,00,00,00,05,04,06,00,00,04,00,00,00,00,03,00,00,00,03,00,00,01,00,00,00,00,00,00,00,00,00,00,00,00,00,00,00,00,00,fe,fe,00,00,00,00,00,fe,00,00,00,00,00,fe,fe,00,00,00,00,00,fe,00,00,00,00,00,00,00,00,00,00
65,0d,41,00,6e,0d,07,00,00,00,00,00,00,00,00,00,00,00,00,00,00,01,00,00,00,00,33,06,02,00,00,00,ad,00,00,01,03,00,00,00,01,00,24,01,64,00,00,00,00,00,00,00,00,00,00,00,00,00,00,00,00,fe,fe,fe,fe,fe,fe,fe,fe,fe,00,00,00,00,fe,fe,fe,fe,fe,fe,fe,fe,fe,00,00,02,00,00,00,00,00,00
50,83,83,70,72,7a,00,47,00,52,7e,7c,7c,70,7d,73,3a,32,00,47,00,52,7e,7c,7c,70,7d,73,3a,33,00,47,00,62,74,74,73,3a,52,70,7d,7d,7e,7d,00,47,00,62,74,74,73,3a,51,84,81,82,83,00,47,00,62,86,70,7b,7b,7e,86,00,47,00,61,74,76,84,81,76,78,83,70,83,74,00,47,00,61,74,70,73,88,78,7d,76,3a,60,84,70,7a,74,00,47,00,54,70,81,83,77,80,84,70,7a,74,00,47,00,62,74,7b,75,47,53,74,82,83,81,84,72,83,00,47,00,56,70,89,74,00,47,00,64,7b,83,81,70,82,7e,7d,78,72,82,00,47,00,62,7e,7d,78,72,3a,51,7e,7e,7c,00,47,00,5f,7e,78,82,7e,7d,3a,53,70,81,83,00,47,00,52,7e,7c,7c,70,7d,73,00,47,00,51,74,81,82,74,81,7a,00,47,00,50,84,83,7e,47,5f,7e,83,78,7e,7d,00,47,00,61,78,75,7b,74,00,47,00,61,78,75,7b,74,00,47,00,55,7b,70,7c,74,83,77,81,7e,86,74,81,00,47,00,63,77,81,84,82,83,3a,5a,78,72,7a,00,47,00,66,70,83,74,81,3a,62,7f,84,81,83,00,47,00,62,7e,7d,78,72,3a,51,7e,7e,7c,00,47,00,52,7e,7c,7c,70,7d,73,00,47,00,5f,81,74,7f,70,81,70,83,78,7e,7d,00,47,00,5b,70,7d,73,78,7d,76,00,47,00,52,81,70,86,7b,00,47,00,51,81,74,70,83,77,00,47,00,51,81,74,70,83,77,00,47,00,51,81,74,70,83,77,00,47,00,51,81,74,70,83,77,00,47,00,62,78,7d,76,7b,74,00,47,00,50,7b,7b,00,47,00,62,7e,7d,78,72,3a,66,70,85,74,00,47,00,52,7e,81,74,3a,54,7d,74,81,76,88,00,47,00,62,77,78,7c,7c,74,81,78,7d,76,3a,61,70,78,7d,00,47,00,56,7e,81,74,00,47,00,51,81,74,70,83,77,00,47,00,50,83,83,70,72,7a,00,47,00,61,74,70,7f,74,81,00,47,00,5b,74,70,7f,78,7d,76,3a,62,86,78,7d,76,00,47,00,54,7b,74,72,83,81,7e,72,84,83,74,00,47,00,54,70,81,83,77,80,84,70,7a,74,00,47,00,5e,72,77,84,3a,53,70,7d,72,74,00,47,00,5f,7e,7b,7b,74,7d,00,47,00,5f,7e,7b,7b,74,7d,00,47,00,5f,7e,7b,7b,74,7d,00,47,00,5c,70,74,7b,82,83,81,7e,7c,00,47,00,61,84,82,77,00,47,00,31,30,30,30,3a,5d,74,74,73,7b,74,82,00,47,00,31,30,30,30,30,3a,5d,74,74,73,7b,74,82,00,47,00,61,84,7d,3a,50,86,70,88,00,47,00,51,7b,70,82,83,3a,5f,84,7d,72,77,00,47,00,57,70,88,7c,70,7a,74,81,00,47,00,50,83,83,70,72,7a,00,47,00,5e,7f,74,7d,00,47,00,62,83,7e,7d,74,3a,56,70,89,74,00,47,00,62,7e,7d,78,72,3a,63,70,78,7b,00,47,00,54,7c,71,7b,74,7c,3a,7e,75,3a,55,70,83,74,00,47,00,52,7e,84,7d,83,74,81,70,83,83,70,72,7a,00,47,00,5f,82,88,72,77,3a,64,7f,00,47,00,54,7d,74,81,76,88,3a,61,70,88,00,47,00,51,84,81,7d,00,47,00,56,81,7e,86,32,00,47,00,56,81,7e,86,33,00,47,00,56,81,7e,86,34,00,47,00,62,74,7b,75,47,53,74,82,83,81,84,72,83,00,47,00,61,64,62,57,00,47,00,5f,77,70,81,70,7e,77,41,82,3a,52,84,81,82,74,00,47,00,52,77,70,81,76,78,7d,76,00,47,00,55,7b,70,7c,74,3a,51,70,7b,7b,00,47,00,55,7b,70,7c,74,3a,51,70,7b,7b,00,47,00,62,74,7b,75,47,53,74,82,83,81,84,72,83,00,47,00,62,74,7b,75,47,53,74,82,83,81,84,72,83,00,47,00,62,74,7b,75,47,53,74,82,83,81,84,72,83,00,47,00,53,74,70,83,77,00,47,00,53,7e,7e,7c,00,47,00,50,80,84,70,3a,51,81,74,70,83,77,00,47,00,5c,74,76,78,73,73,7e,3a,55,7b,70,7c,74,00,47,00,62,78,7b,74,7d,72,74,00,47,00,51,7b,70,73,74,82,00,47,00,5f,7e,78,82,7e,7d,3a,5c,78,82,83,00,47,00,56,5d,50,66,00,47,00,51,70,73,3a,51,81,74,70,83,77,00,47,00,56,70,82,83,81,78,72,3a,59,84,78,72,74,00,47,00,50,83,83,70,72,7a,00,47,00,5c,84,7d,72,77,00,47,00,55,84,7b,7b,47,50,84,83,7e,00,47,00,53,7e,84,71,7b,74,3a,61,74,70,7f,74,81,00,47,00,61,64,62,57,00,47,00,66,77,78,83,74,3a,66,78,7d,73,00,47,00,5c,78,76,77,83,88,3a,56,84,70,81,73,00,47,00,50,83,83,70,72,7a,00,47,00,62,7e,7d,78,72,3a,66,78,7d,76,82,00,47,00,57,74,7b,7b,75,78,81,74,00,47,00,5c,74,76,70,3a,55,7b,70,81,74,00,47,00,5a,70,81,7c,70,00,47,00,65,7e,7e,73,7e,7e,00,47,00,50,83,83,70,72,7a,00,47,00,52,70,7d,72,74,7b,3a,52,7e,84,7d,83,74,81,00,47,00,50,74,81,7e,82,7f,70,81,7a,00,47,00,63,77,7e,81,41,82,3a,57,70,7c,7c,74,81,00,47,00,57,74,70,85,74,00,47,00,5d,7e,85,70,00,47,00,54,70,81,83,77,80,84,70,7a,74,00,47,00,5c,74,83,74,7e,81,00,47,00,63,70,78,7b,00,47,00,51,81,74,70,83,77,00,47,00,51,7e,73,88,3a,62,7f,7b,70,82,77,00,47,00,5c,7e,81,83,70,81,00,47,00,5c,70,7d,70,3a,55,7e,72,84,82,00,47,00,54,70,81,83,77,80,84,70,7a,74,00,47,00,51,7b,70,82,83,74,81,00,47,00,51,7b,70,82,83,74,81,00,47,00,52,7b,70,86,00,47,00,53,78,74,00,47,00,53,78,74,00,47,00,53,78,74,00,47,00,53,78,74,00,47,00,53,78,74,00,47,00,53,78,74,00,47,00,53,78,74,00,47,00,53,78,74,00,47,00,53,78,74,00,47,00,53,78,74,00,47,00,53,78,74,00,47,00,53,78,74,00,47,00,50,83,83,70,72,7a,00,47,00,50,83,83,70,72,7a,00,47,00,66,70,73,73,7b,74,00,47,00,5a,7e,89,84,7a,70,00,47,00,66,70,7a,78,89,70,82,77,78,00,47,00,66,70,7a,78,89,70,82,77,78,00,47,00,69,70,7d,7c,70,83,7e,00,47,00,53,70,78,76,7e,81,7e,00,47,00,66,81,7e,7d,76,3b,00,47,00,51,78,7d,76,7e,3b,00,47,00,5c,74,83,74,7e,81,3a,62,83,81,78,7a,74,00,47,00,62,84,7c,7c,7e,7d,00,47,00,62,84,7c,7c,7e,7d,00,47,00,62,84,7c,7c,7e,7d,00,47,00,62,84,7c,7c,7e,7d,00,47,00,62,84,7c,7c,7e,7d,00,47,00,62,84,7c,7c,7e,7d,00,47,00,62,84,7c,7c,7e,7d,00,47,00,62,84,7c,7c,7e,7d,00,47,00,62,84,7c,7c,7e,7d,00,47,00,54,70,81,83,77,80,84,70,7a,74,00,47,00,61,74,70,72,83,78,7e,7d,00,47,00,57,74,70,85,74,7d,7b,88,3a,62,83,81,78,7a,74,00,47,00,53,78,70,7c,7e,7d,73,3a,53,84,82,83,00,47,00,50,83,83,70,72,7a,00,47,00,50,83,83,70,72,7a,00,47,00,56,70,89,74,00,47,00,50,83,83,70,72,7a,00,47,00,50,83,83,70,72,7a,00,47,00,50,83,83,70,72,7a,00,47,00,50,83,83,70,72,7a,00,47,00,50,83,83,70,72,7a,00,47,00,50,83,83,70,72,7a,00,47,00,50,83,83,70,72,7a,00,47,00,50,83,83,70,72,7a,00,47,00,5c,78,7c,78,72,31,00,47,00,5c,78,7c,78,72,32,00,47,00,5c,78,7c,78,72,33,00,47,00,5c,78,7c,78,72,34,00,47,00,54,7d,74,81,76,88,3a,51,7b,70,82,83,00,47,00,50,83,83,70,72,7a,00,47,00,56,5d,50,66,00,47,00,62,83,7e,7d,74,3a,56,70,89,74,00,47,00,52,77,70,81,76,78,7d,76,00,47,00,52,77,70,81,76,78,7d,76,00,47,00,57,74,70,85,74,7d,7b,88,3a,62,83,81,78,7a,74,00,47,00,58,7c,7f,84,7b,82,74,00,47,00,50,83,83,70,72,7a,00,47,00,5f,70,78,7d,00,47,00,5e,71,7b,78,85,78,7e,7d,00,47,00,53,70,78,76,7e,81,7e,00,47,00,5f,70,74,70,7d,3a,7e,75,3a,83,77,74,3a,57,74,70,85,74,7d,82,00,47,00,50,83,83,70,72,7a,00,47,00,5f,84,83,81,78,73,3a,51,81,74,70,83,77,00,47,00,5c,74,76,70,3a,56,70,82,83,81,78,72,3a,59,84,78,72,74,00,47,00,52,77,7e,86,3a,63,78,7c,74,00,47,00,56,70,82,83,81,78,72,3a,59,84,78,72,74,3a,51,7b,70,82,83,00,47,00,52,77,70,7e,82,00,47,00,57,88,7f,74,81,3a,51,7b,70,82,83,74,81,00,47,00,50,83,83,70,72,7a,00,47,00,52,7e,7b,73,3a,62,83,70,81,74,00,47,00,31,30,30,30,30,3a,5d,74,74,73,7b,74,82,00,47,00,57,70,73,74,82,3a,52,7b,70,86,82,00,47,00,51,7b,70,73,74,3a,62,77,7e,86,74,81,00,47,00,62,77,78,7d,78,7d,76,00,47,00,55,70,7d,76,82,3a,7e,75,3a,61,84,78,7d,00,47,00,55,70,7d,76,82,3a,7e,75,3a,52,77,70,7e,82,00,47,00,55,70,7d,76,82,3a,7e,75,3a,57,74,7b,7b,00,47,00,51,7b,70,72,7a,3a,62,83,70,81,74,00,47,00,62,77,7e,72,7a,86,70,85,74,00,47,00,53,81,70,78,7d,3a,63,7e,84,72,77,00,47,00,5f,7e,78,82,7e,7d,3a,63,7e,84,72,77,00,47,00,50,83,83,70,72,7a,00,47,00,61,84,82,77,3a,50,83,83,70,72,7a,00,47,00,5d,7e,83,77,78,7d,76,00,47,00,5d,7e,83,77,78,7d,76,00,47,00,5d,7e,83,77,78,7d,76,00,47,00,51,74,86,78,83,72,77,78,7d,76,3a,62,83,70,71,00,47,00,65,74,7d,7e,7c,7e,84,82,3a,62,83,70,71,00,47,00,50,83,83,70,72,7a,00,47,00,52,81,84,82,77,3a,62,7f,78,7a,74,00,47,00,62,70,7b,85,7e,00,47,00,51,74,70,7a,00,47,00,51,74,70,7a,3a,7e,75,3a,66,7e,74,00,47,00,61,74,7f,7f,70,76,74,7a,78,00,47,00,51,84,82,77,78,7d,89,70,7d,00,47,00,62,77,78,7d,81,88,84,73,70,7d,00,47,00,56,7e,7e,73,7d,78,76,77,83,00,47,00,50,83,83,70,72,7a,00,47,00,54,83,77,74,81,74,70,7b,3a,52,70,7d,7d,7e,7d,00,47,00,64,7b,83,81,70,3a,62,7f,70,81,7a,00,47,00,61,70,89,89,78,70,00,47,00,52,70,7c,78,82,70,73,74,00,47,00,5f,70,82,82,70,73,7e,00,47,00,53,74,7b,83,70,3a,50,83,83,70,72,7a,00,47,00,5c,78,76,77,83,88,3a,56,84,70,81,73,00,47,00,50,83,83,70,72,7a,00,47,00,51,81,74,70,83,77,00,47,00,51,81,74,70,83,77,00,47,00,62,7f,70,72,74,47,63,78,7c,74,3a,65,7e,81,7f,70,7b,00,47,00,63,81,78,7f,7b,74,3a,50,83,83,70,72,7a,00,47,00,50,83,83,70,72,7a,33,00,47,00,53,78,74,00,47,00,57,74,7b,7b,75,78,81,74,00,47,00,63,77,7e,81,41,82,3a,57,70,7c,7c,74,81,00,47,00,50,83,83,70,72,7a,00,47,00,62,74,7b,75,47,53,74,82,83,81,84,72,83,00,47,00,65,7e,7e,73,7e,7e,00,47,00,61,74,76,84,81,76,78,83,70,83,74,00,47,00,50,83,83,70,72,7a,00,47,00,62,7b,7e,86,76,70,00,47,00,50,83,83,70,72,7a,00,47,00,5f,7e,7f,3a,55,7b,88,00,47,00,50,83,83,70,72,7a,00,47,00,54,7c,71,7b,74,7c,3a,7e,75,3a,83,77,74,3a,52,7e,82,7c,7e,82,00,47,00,39,39,39,39,39,3a,5d,74,74,73,7b,74,82,00,47,00,64,7b,83,78,7c,70,00,47,00,50,81,7c,70,76,74,73,73,7e,7d,00,47,00,5c,74,76,70,83,7e,7d,3a,5f,84,7d,72,77,00,47,00,54,81,70,82,74,81,00,47,00,63,7e,87,78,72,3a,52,7b,7e,84,73,00,47,00,63,7e,87,78,72,3a,62,7f,81,70,88,00,47,00,57,84,7d,73,81,74,73,3a,63,77,7e,81,7d,82,00,47,00,61,70,78,7d,71,7e,86,00,47,00,52,7e,7d,85,74,81,76,74,7d,72,74,00,47,00,52,7e,7d,73,74,7c,7d,00,47,00,57,88,73,81,70,84,7b,78,72,3a,5f,81,74,82,82,00,47,00,52,7e,7d,83,70,7c,78,7d,70,83,78,7e,7d,00,47,00,5a,70,81,7c,70,00,47,00,61,70,89,89,78,70,00,47,00,52,70,7c,78,82,70,73,74,00,47,00,5f,70,82,82,70,73,7e,00,47,00,50,83,83,70,72,7a,00,47,00,52,70,7b,70,7c,78,83,88,00,47,00,5c,74,76,70,47,56,81,70,85,78,83,7e,7d,00,47,00,53,74,7b,83,70,3a,50,83,83,70,72,7a,00,47,00,5a,7e,89,84,7a,70,00,47,00,66,70,7a,78,89,70,82,77,78,00,47,00,66,70,7a,78,89,70,82,77,78,00,47,00,69,70,7d,7c,70,83,7e,00,47,00,53,70,78,76,7e,81,7e,00,47,00,57,74,7b,7b,75,78,81,74,00,47,00,57,74,7b,7b,75,78,81,74,00,47,00,5c,74,83,74,7e,81,3a,62,83,81,78,7a,74,00,47,00,50,83,83,70,72,7a,00,47,00,50,74,81,7e,82,7f,70,81,7a,00,47,00,63,77,7e,81,41,82,3a,57,70,7c,7c,74,81,00,47,00,63,77,7e,81,41,82,3a,57,70,7c,7c,74,81,00,47,00,63,77,84,7d,73,70,79,70,00,47,00,50,83,83,70,72,7a,00,47,00,50,83,83,70,72,7a,00,47,00,50,74,81,7e,82,7f,70,81,7a,00,47,00,57,74,70,85,74,7d,7b,88,3a,62,83,81,78,7a,74,00,47,00,53,78,70,7c,7e,7d,73,3a,53,84,82,83,00,47,00,50,83,83,70,72,7a,00,47,00,5c,74,76,70,3a,55,7b,70,81,74,00,47,00,58,7c,7f,84,7b,82,74,00,47,00,50,83,83,70,72,7a,00,47,00,5f,70,78,7d,00,47,00,5e,71,7b,78,85,78,7e,7d,00,47,00,58,7c,7c,7e,7b,70,83,78,7e,7d,00,47,00,5e,71,7b,78,83,74,81,70,83,78,7e,7d,00,47,00,59,84,73,76,7c,74,7d,83,3a,53,70,88,00,47,00,62,74,7f,70,81,70,83,78,7e,7d,00,47,00,50,7f,7f,74,70,81,70,7d,72,74,00,47,00,53,74,70,83,77,00,47,00,61,74,76,74,7d,74,81,70,83,78,7e,7d,00,47,00,50,83,81,7e,7f,77,88,00,47,00,50,83,83,70,72,7a,00,47,00,54,7d,74,81,76,88,3a,51,7b,70,82,83,00,47,00,5c,74,76,70,47,56,81,70,85,78,83,7e,7d,00,47,00,5c,78,76,77,83,88,3a,56,84,70,81,73,00,47,00,54,87,83,81,70,3a,34,34,00,47,00