00,00,2f,00,07,00,0a,00,09,00,0f,01,2b,00,0a,00,6c,00,6c,00,16,02,00,00,00,ff,31,05,07,00,01,00,50,00,41,01,02,00,00,00,06,00,04,01,00,00,00,00,00,00,00,00,00,00,00,00,00,00,00,00,00,00,00,00,00,00,00,00,00,00,00,00,00,00,00,00,00,00,00,00,00,00,00,00,00,00,00,00,00,00,00,00,00,ff,00,00
2d,00,47,00,37,00,0a,00,39,00,18,01,5c,00,0a,00,6e,00,6e,00,16,02,00,00,00,ff,31,05,07,00,01,00,50,00,41,01,02,00,00,00,06,00,14,01,00,00,00,00,00,00,00,00,00,00,00,00,00,00,00,00,00,00,00,00,00,00,00,00,00,00,00,00,00,00,00,00,00,00,00,00,00,00,00,00,00,00,00,00,00,00,00,00,00,ff,00,00
5e,00,43,00,67,00,0a,00,69,00,17,01,8d,00,0a,00,70,00,70,00,16,02,00,00,00,ff,31,05,07,00,01,00,50,00,41,01,02,00,00,00,08,00,10,01,00,00,00,00,00,00,00,00,00,00,00,00,00,00,00,00,00,00,00,00,00,00,00,00,00,00,00,00,00,00,00,00,00,00,00,00,00,00,00,00,00,00,00,00,00,00,00,00,00,ff,00,00
8f,00,60,00,9b,00,0a,00,9d,00,40,01,c4,00,0a,00,70,00,70,00,16,02,00,00,00,ff,35,05,07,00,01,00,50,00,41,01,02,00,00,00,06,00,28,01,00,00,00,00,00,00,00,00,00,00,00,00,00,00,00,00,00,00,00,00,00,00,00,00,00,00,00,00,00,00,00,00,00,00,00,00,00,00,00,00,00,00,00,00,00,00,00,00,00,ff,00,00
c6,00,29,00,cc,00,0a,00,ce,00,11,01,f0,00,0a,00,d9,00,d9,00,17,02,00,00,00,ff,31,05,07,00,01,00,50,00,43,02,02,00,00,00,06,00,02,01,00,00,00,00,00,00,00,00,00,00,00,00,00,00,00,00,00,00,00,00,00,00,00,00,00,00,00,00,00,00,00,00,00,00,00,00,00,00,00,00,00,00,00,00,00,00,00,00,00,ff,00,00
f2,00,5b,00,fe,00,0a,00,00,01,11,01,22,01,0a,00,db,00,db,00,17,02,00,00,00,ff,31,05,07,00,01,00,50,00,43,02,02,00,00,00,06,00,0a,01,00,00,00,00,00,00,00,00,00,00,00,00,00,00,00,00,00,00,00,00,00,00,00,00,00,00,00,00,00,00,00,00,00,00,00,00,00,00,00,00,00,00,00,00,00,00,00,00,00,ff,00,00
24,01,66,00,31,01,0a,00,33,01,fd,00,56,01,0a,00,72,00,73,00,1a,02,00,00,00,ff,71,05,06,00,81,00,70,00,01,01,02,00,00,00,08,00,08,01,00,00,fe,00,00,00,00,00,00,00,00,00,00,00,00,00,00,00,00,00,00,00,00,00,00,00,00,00,00,00,00,00,00,00,00,00,00,00,00,00,00,00,00,00,00,00,00,00,00,ff,00,00
58,01,65,00,65,01,0a,00,67,01,ba,00,82,01,0a,00,74,00,75,00,1a,02,00,00,00,ff,75,05,06,00,81,00,70,00,01,01,02,00,00,00,08,00,10,01,00,00,fe,00,00,00,00,00,00,00,00,00,00,00,00,00,00,00,00,00,00,00,00,00,00,00,00,00,00,00,00,00,00,00,00,00,00,00,00,00,00,00,00,00,00,00,00,00,00,ff,00,00
84,01,24,00,8b,01,0a,00,8d,01,37,01,b5,01,0a,00,dd,00,dd,00,18,02,00,00,00,ff,31,05,07,00,01,00,50,00,41,03,02,00,00,00,08,00,10,01,00,00,00,00,00,00,00,00,00,00,00,00,00,00,00,00,00,00,00,00,00,00,00,00,00,00,00,00,00,00,00,00,00,00,00,00,00,00,00,00,00,00,00,00,00,00,00,00,00,ff,00,00
b7,01,42,00,c1,01,0a,00,c3,01,ff,00,e4,01,0a,00,dd,00,dd,00,18,02,00,00,00,ff,35,05,07,00,01,00,50,00,41,03,02,00,00,00,08,00,10,01,00,00,00,00,00,00,00,00,00,00,00,00,00,00,00,00,00,00,00,00,00,00,00,00,00,00,00,00,00,00,00,00,00,00,00,00,00,00,00,00,00,00,00,00,00,00,00,00,00,ff,00,00
e6,01,40,00,ef,01,0a,00,f1,01,6a,00,03,02,0a,00,e5,00,e5,00,19,02,00,00,00,ff,31,05,06,00,01,00,70,00,05,00,02,00,00,00,06,00,00,01,00,00,00,00,00,fe,00,00,00,00,00,00,00,00,00,00,00,00,00,00,00,00,00,00,00,00,00,00,00,00,00,00,00,00,00,00,00,00,00,00,00,00,00,00,00,00,00,00,00,ff,00,00
05,02,22,00,0a,02,0a,00,0c,02,9c,00,25,02,0a,00,e7,00,e7,00,19,02,00,00,00,ff,31,05,06,00,01,00,70,00,05,00,02,00,00,00,06,00,00,01,00,00,00,00,fe,00,00,00,00,00,00,00,00,00,00,00,00,00,00,00,00,00,00,00,00,00,00,00,00,00,00,00,00,00,00,00,00,00,00,00,00,00,00,00,00,00,00,00,00,ff,00,00
27,02,4c,00,31,02,0a,00,33,02,80,00,47,02,0a,00,e9,00,e9,00,19,02,00,00,00,ff,31,05,06,00,01,00,70,00,05,00,02,00,00,00,06,00,00,01,00,00,00,00,00,00,00,00,00,00,00,00,00,00,00,00,fe,00,00,00,00,00,00,00,00,00,00,00,00,fe,00,00,00,00,00,00,00,00,00,00,00,00,00,00,00,00,00,00,00,ff,00,00
49,02,5d,00,55,02,0a,00,57,02,6e,00,6a,02,0a,00,eb,00,ec,00,19,02,00,00,00,ff,31,05,06,00,01,00,70,00,05,00,02,00,00,00,06,00,00,01,00,00,00,00,00,00,00,00,00,00,00,00,00,00,00,fe,00,00,00,00,00,00,00,00,00,00,00,00,fe,00,00,00,00,00,00,00,00,00,00,00,00,00,00,00,00,00,00,00,00,ff,00,00
6c,02,52,00,77,02,0a,00,79,02,c4,00,99,02,0a,00,ed,00,ee,00,19,02,00,00,00,ff,31,05,06,00,01,00,70,00,05,00,02,00,00,00,06,00,00,01,00,00,00,fe,00,00,00,00,00,00,00,00,00,00,00,00,00,00,00,00,00,00,00,00,00,00,00,00,00,00,00,00,00,00,00,00,00,00,00,00,00,04,00,00,00,00,00,00,00,ff,00,00
9b,02,39,00,a2,02,0a,00,a4,02,ed,00,c4,02,0a,00,78,00,79,00,19,02,00,00,00,ff,31,05,06,00,01,00,70,00,05,00,02,00,00,00,06,00,00,01,00,00,00,fe,fe,fe,00,00,00,00,fe,fe,00,00,fe,fe,fe,00,00,00,00,00,00,00,00,00,fe,fe,fe,fe,00,00,00,00,00,00,00,00,00,fe,00,00,00,00,00,00,00,00,00,ff,00,00
c6,02,6f,00,d6,02,0a,00,d8,02,2c,01,fc,02,0a,00,28,00,28,00,1f,02,00,00,00,ff,13,05,06,00,01,00,40,00,00,00,02,00,00,00,06,00,00,01,00,00,00,00,00,00,00,00,00,00,00,00,00,00,00,00,00,00,00,00,00,00,00,00,00,00,00,00,00,00,00,00,00,00,00,00,00,00,00,00,02,00,00,00,00,00,00,00,00,ff,00,00
fe,02,66,00,0d,03,0a,00,0f,03,23,01,32,03,0a,00,20,00,20,00,1f,02,00,00,00,ff,13,05,06,00,01,00,40,00,00,00,02,00,00,00,06,00,00,01,00,00,00,00,00,00,00,00,00,00,00,00,00,00,00,00,00,00,00,00,00,00,00,00,00,00,00,00,00,00,00,00,00,00,00,00,00,00,00,00,04,00,00,00,00,00,00,00,00,ff,00,00
34,03,6d,00,44,03,0a,00,46,03,2a,01,6a,03,0a,00,2e,00,2e,00,1f,02,00,00,00,ff,13,05,06,00,01,00,40,00,00,00,02,00,00,00,06,00,00,01,00,00,00,00,00,00,00,00,00,00,00,00,00,00,00,00,00,00,00,00,00,00,00,00,00,00,00,00,00,00,00,00,00,00,00,00,00,00,00,00,08,00,00,00,00,00,00,00,00,ff,00,00
6c,03,70,00,7e,03,0a,00,80,03,2d,01,a6,03,0a,00,32,00,32,00,1f,02,00,00,00,ff,13,05,06,00,01,00,40,00,00,00,02,00,00,00,06,00,00,01,00,00,00,00,00,00,00,00,00,00,00,00,00,00,00,00,00,00,00,00,00,00,00,00,00,00,00,00,00,00,00,00,00,00,00,00,00,00,00,00,20,00,00,00,00,00,00,00,00,ff,00,00
a8,03,6c,00,b7,03,0a,00,b9,03,c1,01,01,04,0a,00,70,00,70,00,1e,02,00,00,00,ff,35,05,06,04,01,00,70,00,01,01,02,00,00,00,06,00,14,01,00,00,00,00,fe,fe,00,00,00,00,00,00,00,00,00,fe,00,00,00,00,00,00,00,00,00,00,00,00,fe,00,00,00,00,00,00,00,00,00,00,00,00,00,00,00,00,00,00,00,00,ff,00,00
03,04,67,00,11,04,0a,00,13,04,d4,00,2f,04,0a,00,70,00,70,00,1e,02,00,00,00,ff,35,05,06,04,01,00,50,00,01,01,02,00,00,00,08,00,10,01,00,00,00,00,00,00,00,00,00,00,00,00,00,00,00,00,00,00,00,00,00,00,00,00,00,00,00,00,00,00,00,00,00,00,00,00,00,00,00,00,00,00,00,00,00,00,00,00,00,ff,00,00
31,04,78,00,41,04,0a,00,43,04,55,01,70,04,0a,00,92,01,92,01,1e,02,00,00,00,ff,31,05,06,04,01,00,50,00,01,01,02,00,00,00,08,00,10,01,00,00,00,00,00,00,00,00,00,00,00,00,00,00,00,00,00,00,00,00,fe,fe,fe,fe,00,00,00,00,00,00,00,00,00,01,01,01,01,00,00,00,00,00,00,00,00,00,00,00,00,ff,00,00
72,04,6f,00,81,04,0a,00,83,04,ec,00,a1,04,0a,00,54,00,55,00,1d,02,00,00,00,ff,33,05,06,04,01,00,40,00,00,01,02,00,00,00,09,00,0c,01,1e,02,00,00,00,00,00,00,00,00,00,00,00,00,00,00,00,00,00,00,00,00,00,00,00,00,00,00,00,00,00,00,00,00,00,00,00,00,00,00,00,00,00,00,00,00,00,00,00,ff,00,00
a3,04,55,00,af,04,0a,00,b1,04,ec,00,cf,04,0a,00,5c,00,5d,00,1d,02,00,00,00,ff,33,05,06,04,01,00,40,00,00,01,02,00,00,00,09,00,14,01,32,02,00,00,00,00,00,00,00,00,00,00,00,00,00,00,00,00,00,00,00,00,00,00,00,00,00,00,00,00,00,00,00,00,00,00,00,00,00,00,00,00,00,00,00,00,00,00,00,ff,00,00
d1,04,3b,00,d9,04,0a,00,db,04,f7,00,fc,04,0a,00,a8,02,a9,02,1d,02,00,00,00,ff,17,05,06,84,01,00,40,00,00,01,02,00,00,00,09,00,0c,05,46,02,00,00,00,00,00,00,00,00,00,00,00,00,00,00,00,00,00,00,00,00,00,00,00,00,00,00,00,00,00,00,00,00,00,00,00,00,00,00,00,00,00,00,00,00,00,00,00,ff,00,00
fe,04,75,00,0c,05,0a,00,0e,05,f4,00,2d,05,0a,00,52,00,53,00,1d,02,00,00,00,ff,33,05,06,04,01,00,40,00,00,01,02,00,00,00,09,00,0c,01,1e,01,00,00,00,00,00,00,00,00,00,00,00,00,00,00,00,00,00,00,00,00,00,00,00,00,00,00,00,00,00,00,00,00,00,00,00,00,00,00,00,00,00,00,00,01,00,00,00,ff,00,00
2f,05,4f,00,39,05,0a,00,3b,05,f4,00,5a,05,0a,00,5a,00,5b,00,1d,02,00,00,00,ff,33,05,06,04,01,00,40,00,00,01,02,00,00,00,09,00,14,01,32,01,00,00,00,00,00,00,00,00,00,00,00,00,00,00,00,00,00,00,00,00,00,00,00,00,00,00,00,00,00,00,00,00,00,00,00,00,00,00,00,00,00,00,00,01,00,00,00,ff,00,00
5c,05,41,00,65,05,0a,00,67,05,ff,00,89,05,0a,00,a6,02,a7,02,1d,02,00,00,00,ff,17,05,06,84,01,00,40,00,00,01,02,00,00,00,09,00,0c,05,46,01,00,00,00,00,00,00,00,00,00,00,00,00,00,00,00,00,00,00,00,00,00,00,00,00,00,00,00,00,00,00,00,00,00,00,00,00,00,00,00,00,00,00,00,01,00,00,00,ff,00,00
8b,05,6e,00,9a,05,0a,00,9c,05,17,01,c0,05,0a,00,56,00,57,00,1d,02,00,00,00,ff,33,05,06,04,01,00,40,00,00,01,02,00,00,00,09,00,0c,01,1e,04,00,00,00,00,00,00,00,00,00,00,00,00,00,00,00,00,00,00,00,00,00,00,00,00,00,00,00,00,00,00,00,00,00,00,00,00,00,00,00,00,00,00,00,01,00,00,00,ff,00,00
c2,05,7c,00,d3,05,0a,00,d5,05,17,01,f9,05,0a,00,5e,00,5f,00,1d,02,00,00,00,ff,33,05,06,04,01,00,40,00,00,01,02,00,00,00,09,00,14,01,32,04,00,00,00,00,00,00,00,00,00,00,00,00,00,00,00,00,00,00,00,00,00,00,00,00,00,00,00,00,00,00,00,00,00,00,00,00,00,00,00,00,00,00,00,01,00,00,00,ff,00,00
fb,05,68,00,09,06,0a,00,0b,06,22,01,32,06,0a,00,aa,02,ab,02,1d,02,00,00,00,ff,17,05,06,84,01,00,40,00,00,01,02,00,00,00,09,00,0c,05,46,04,00,00,00,00,00,00,00,00,00,00,00,00,00,00,00,00,00,00,00,00,00,00,00,00,00,00,00,00,00,00,00,00,00,00,00,00,00,00,00,00,00,00,00,01,00,00,00,ff,00,00
34,06,4c,00,3f,06,0a,00,41,06,04,01,61,06,0a,00,58,00,59,00,1d,02,00,00,00,ff,33,05,06,04,01,00,40,00,00,01,02,00,00,00,09,00,0c,01,1e,08,00,00,00,00,00,00,00,00,00,00,00,00,00,00,00,00,00,00,00,00,00,00,00,00,00,00,00,00,00,00,00,00,00,00,00,00,00,00,00,00,00,00,00,00,00,00,00,ff,00,00
63,06,62,00,70,06,0a,00,72,06,04,01,92,06,0a,00,60,00,61,00,1d,02,00,00,00,ff,33,05,06,04,01,00,40,00,00,01,02,00,00,00,09,00,14,01,32,08,00,00,00,00,00,00,00,00,00,00,00,00,00,00,00,00,00,00,00,00,00,00,00,00,00,00,00,00,00,00,00,00,00,00,00,00,00,00,00,00,00,00,00,00,00,00,00,ff,00,00
94,06,50,00,9e,06,0a,00,a0,06,0f,01,c3,06,0a,00,ac,02,ad,02,1d,02,00,00,00,ff,17,05,06,84,01,00,40,00,00,01,02,00,00,00,09,00,0c,05,46,08,00,00,00,00,00,00,00,00,00,00,00,00,00,00,00,00,00,00,00,00,00,00,00,00,00,00,00,00,00,00,00,00,00,00,00,00,00,00,00,00,00,00,00,00,00,00,00,ff,00,00
c5,06,3d,00,cd,06,0a,00,cf,06,9f,00,e4,06,0a,00,f1,00,f2,00,1d,02,00,00,00,ff,37,05,06,04,01,00,44,00,00,01,02,00,00,00,09,00,07,01,32,00,00,00,00,00,00,00,00,00,00,00,00,00,00,00,00,00,00,00,00,00,00,00,00,00,00,00,00,00,00,00,00,00,00,00,00,00,00,00,00,00,00,00,00,00,00,00,00,ff,00,00
e6,06,66,00,f3,06,0a,00,f5,06,75,01,25,07,0a,00,f1,00,f2,00,1d,02,00,00,00,ff,37,05,06,04,01,00,44,00,00,01,02,00,00,00,09,00,10,01,32,00,00,00,00,00,00,00,fe,00,00,00,00,00,00,00,00,00,00,00,00,00,00,00,00,00,00,00,00,00,00,00,00,00,00,00,00,00,00,00,00,00,00,00,00,00,00,00,00,ff,00,00
27,07,7b,00,37,07,0a,00,39,07,41,01,67,07,0a,00,8a,02,8b,02,1d,02,00,00,00,ff,37,05,06,04,01,00,40,00,00,01,02,00,00,00,09,00,0f,01,1e,00,00,00,00,00,00,00,00,00,00,00,00,00,fe,00,00,00,00,00,00,00,00,00,00,00,00,05,00,00,00,00,00,00,00,00,00,00,00,00,00,00,00,00,00,00,00,00,00,ff,00,00
69,07,6c,00,76,07,0a,00,78,07,41,01,a6,07,0a,00,8a,02,8b,02,1d,02,00,00,00,ff,37,05,06,04,01,00,40,00,00,01,02,00,00,00,09,00,14,01,1e,00,00,00,00,00,00,00,00,00,00,00,00,00,fe,00,00,00,00,00,00,00,00,00,00,00,00,08,00,00,00,00,00,00,00,00,00,00,00,00,00,00,00,00,00,00,00,00,00,ff,00,00
a8,07,78,00,b8,07,0a,00,ba,07,4e,01,ea,07,0a,00,8c,02,8e,02,1d,02,00,00,00,ff,37,05,06,04,01,00,40,00,00,01,02,00,00,00,09,00,0f,01,1e,00,00,00,00,00,00,00,00,00,00,00,00,00,00,fe,00,00,00,00,00,00,00,00,00,00,00,00,08,00,00,00,00,00,00,00,00,00,00,00,00,00,00,00,00,00,00,00,00,ff,00,00
ec,07,5c,00,f7,07,0a,00,f9,07,60,01,2a,08,0a,00,8d,02,8f,02,1d,02,00,00,00,ff,37,05,06,04,01,00,40,00,00,01,02,00,00,00,09,00,0f,01,1e,00,00,00,00,00,00,00,00,00,00,00,00,00,00,00,fe,00,00,00,00,00,00,00,00,00,00,00,00,08,00,00,00,00,00,00,00,00,00,00,00,00,00,00,00,00,00,00,00,ff,00,00
2c,08,5c,00,37,08,0a,00,39,08,0a,01,5c,08,0a,00,66,00,67,00,1d,02,00,00,00,ff,37,05,06,04,01,00,40,00,00,01,02,00,00,00,05,00,08,01,32,00,00,00,00,00,00,00,00,00,00,00,00,00,00,00,00,00,00,00,00,00,00,00,00,00,00,00,00,00,00,00,00,00,00,00,00,00,00,00,00,00,00,00,00,00,00,00,00,ff,00,00
5e,08,58,00,6a,08,0a,00,6c,08,94,00,7e,08,0a,00,68,00,69,00,1d,02,00,00,00,ff,33,05,06,04,01,00,40,00,00,01,02,00,00,00,09,00,78,01,64,00,00,00,00,00,00,00,00,00,00,00,00,00,00,00,00,00,00,00,00,00,00,00,00,00,00,00,00,00,00,00,00,00,00,00,00,00,00,00,00,00,00,00,00,00,00,00,00,ff,00,00
80,08,5d,00,8c,08,0a,00,8e,08,94,00,a0,08,0a,00,92,00,92,00,1d,02,00,00,00,ff,33,05,06,04,01,00,40,00,00,01,02,00,00,00,09,00,a0,01,64,10,00,00,00,00,00,00,00,00,00,00,00,00,00,00,00,00,00,00,00,00,00,00,00,00,00,00,00,00,00,00,00,00,00,00,00,00,00,00,00,00,00,00,00,00,00,00,00,ff,00,00
a2,08,64,00,ae,08,0a,00,b0,08,9f,00,c5,08,0a,00,6a,00,6a,00,1d,02,00,00,00,ff,37,05,06,04,01,00,40,00,00,01,02,00,00,00,09,00,c8,01,64,00,00,00,00,00,00,00,00,00,00,00,00,00,00,00,00,00,00,00,00,00,00,00,00,00,00,00,00,00,00,00,00,00,00,00,00,00,00,00,00,00,00,00,00,00,00,00,00,ff,00,00
c7,08,5a,00,d3,08,0a,00,d5,08,3f,01,01,09,0a,00,64,00,65,00,1d,02,00,00,00,ff,33,05,06,04,01,00,40,00,00,01,02,00,00,00,09,00,28,01,3c,00,00,00,00,fe,00,00,00,00,00,00,00,00,00,00,00,00,00,00,00,00,00,00,00,00,00,00,00,00,00,00,00,00,00,00,00,00,00,00,00,00,00,00,00,00,00,00,00,ff,00,00
03,09,7c,00,14,09,0a,00,16,09,f8,00,37,09,0a,00,0e,00,0e,00,1d,02,00,00,00,ff,37,05,06,04,01,00,40,00,00,04,02,00,00,00,0d,00,08,01,00,00,00,00,00,00,00,00,00,00,00,00,00,00,00,00,00,00,00,00,00,00,00,00,00,00,fe,00,00,00,00,00,00,00,00,00,00,00,00,fe,00,00,00,00,00,00,00,00,00,ff,00,00
39,09,6f,00,48,09,0a,00,4a,09,75,01,7a,09,0a,00,0e,00,0e,00,1d,02,00,00,00,ff,37,05,06,24,01,00,40,00,00,01,02,00,00,00,09,00,14,01,46,00,00,00,00,00,00,00,00,00,00,00,00,00,00,00,00,00,00,00,00,00,00,00,00,00,fe,00,00,00,00,00,00,00,00,00,00,00,00,fe,00,00,00,00,00,00,00,00,00,ff,00,00
7c,09,6c,00,8b,09,0a,00,8d,09,c7,00,a9,09,0a,00,b2,02,b2,02,1d,02,00,00,00,ff,33,05,06,04,01,00,40,00,00,00,02,00,00,00,00,00,00,01,00,00,00,00,00,00,00,00,00,00,00,00,00,00,00,00,00,00,00,00,00,00,00,00,00,00,00,00,00,00,00,00,00,00,00,00,00,00,00,00,00,40,00,00,00,00,00,00,00,ff,00,00
ab,09,7c,00,bb,09,0a,00,bd,09,a6,00,d8,09,0a,00,90,02,91,02,1d,02,00,00,00,ff,17,05,06,04,01,00,40,00,00,00,02,00,00,00,00,00,00,01,00,00,00,00,fe,00,00,00,00,00,00,00,00,00,00,00,00,00,00,00,00,00,00,00,00,00,00,00,00,00,00,00,00,00,00,00,00,00,00,00,00,00,00,00,00,00,00,00,00,ff,00,00
da,09,80,00,ea,09,0a,00,ec,09,da,00,0c,0a,0a,00,62,00,62,00,1d,02,00,00,00,ff,33,05,06,04,01,00,40,00,00,00,02,00,00,00,00,00,00,01,00,00,64,00,00,00,00,00,00,00,00,00,00,00,00,00,00,00,00,00,00,00,00,00,00,00,00,00,00,00,00,00,00,00,00,00,00,00,00,00,00,00,00,00,00,00,00,00,00,ff,00,00
0e,0a,68,00,1c,0a,0a,00,1e,0a,e5,00,41,0a,0a,00,ae,02,ae,02,1d,02,00,00,00,ff,17,05,06,84,01,00,40,00,00,00,02,00,00,00,00,00,00,04,00,00,64,00,00,00,00,00,00,00,00,00,00,00,00,00,00,00,00,00,00,00,00,00,00,00,00,00,00,00,00,00,00,00,00,00,00,00,00,00,00,00,00,00,00,00,00,00,00,ff,00,00
43,0a,74,00,53,0a,0a,00,55,0a,2e,01,7c,0a,0a,00,00,00,00,00,2a,02,00,00,00,ff,00,00,00,00,00,00,00,00,00,00,00,00,00,00,00,00,00,00,00,00,00,00,00,00,00,00,00,00,00,00,00,00,00,00,00,00,00,00,00,00,00,00,00,00,00,00,00,00,00,00,00,00,00,00,00,00,00,00,00,00,00,00,00,00,00,00,00,ff,00,00
7e,0a,5d,00,8a,0a,0a,00,8c,0a,0d,01,af,0a,0a,00,a8,01,a8,01,1d,02,00,00,00,ff,37,05,06,04,01,00,80,00,00,01,02,00,00,00,09,00,ff,01,0a,00,00,00,00,00,00,00,00,00,00,00,00,00,00,00,00,00,00,00,00,00,00,00,00,00,00,00,00,00,00,00,00,00,00,00,00,00,00,00,00,00,00,00,00,00,00,00,00,ff,00,00
b1,0a,81,00,c1,0a,0a,00,c3,0a,f2,00,e5,0a,0a,00,0a,00,0a,00,1f,02,00,00,00,ff,31,05,06,04,01,00,50,00,05,04,02,00,00,00,0d,00,08,01,00,00,00,00,00,00,00,00,00,00,00,00,00,00,00,00,00,00,00,00,00,00,00,00,00,fe,00,00,00,00,00,00,00,00,00,00,00,00,fe,00,00,00,00,00,00,00,00,00,00,ff,00,00
e7,0a,65,00,f4,0a,0a,00,f6,0a,af,00,10,0b,0a,00,0a,00,0a,00,1f,02,00,00,00,ff,35,05,06,04,01,00,50,00,05,04,02,00,00,00,0d,00,08,01,00,00,00,00,00,00,00,00,00,00,00,00,00,00,00,00,00,00,00,00,00,00,00,00,00,fe,00,00,00,00,00,00,00,00,00,00,00,00,fe,00,00,00,00,00,00,00,00,00,00,ff,00,00
12,0b,68,00,20,0b,0a,00,22,0b,e9,00,44,0b,0a,00,7e,00,7f,00,1f,02,00,00,00,ff,31,05,06,04,01,00,40,00,05,00,02,00,00,00,03,00,00,01,00,00,00,00,00,00,00,00,00,00,00,00,00,00,00,00,00,fe,00,00,00,00,00,00,00,00,00,00,00,00,fe,00,00,00,00,00,00,00,00,00,00,00,00,00,00,00,00,00,00,ff,00,00
46,0b,63,00,54,0b,0a,00,56,0b,02,01,7a,0b,0a,00,80,00,80,00,1f,02,00,00,00,ff,31,05,06,04,01,00,40,00,05,00,02,00,00,00,03,00,00,01,00,00,00,00,00,00,00,00,00,00,00,00,00,00,00,00,00,00,fe,00,00,00,00,00,00,00,00,00,00,00,00,fe,00,00,00,00,00,00,00,00,00,00,00,00,00,00,00,00,00,ff,00,00
7c,0b,5f,00,89,0b,0a,00,8b,0b,ff,00,af,0b,0a,00,82,00,83,00,1f,02,00,00,00,ff,31,05,06,04,01,00,40,00,05,00,02,00,00,00,03,00,00,01,00,00,00,00,00,00,00,00,00,00,00,00,00,00,00,00,00,00,00,fe,00,00,00,00,00,00,00,00,00,00,00,00,fe,00,00,00,00,00,00,00,00,00,00,00,00,00,00,00,00,ff,00,00
b1,0b,6a,00,c0,0b,0a,00,c2,0b,f3,00,e4,0b,0a,00,7a,00,7b,00,1f,02,00,00,00,ff,31,05,06,04,01,00,40,00,01,00,02,00,00,00,03,00,00,01,00,00,00,00,00,00,00,00,00,00,00,00,00,00,00,00,00,00,00,00,00,00,00,00,fe,00,00,00,00,00,00,00,00,00,00,00,00,0a,00,00,00,00,00,00,00,00,00,00,00,ff,00,00
e6,0b,5b,00,f2,0b,0a,00,f4,0b,d6,00,0e,0c,0a,00,86,00,87,00,1f,02,00,00,00,ff,33,05,06,05,01,00,40,00,00,02,02,00,00,00,09,00,14,01,0a,00,00,00,00,00,00,00,00,00,00,00,00,00,00,00,00,00,00,00,00,00,00,00,00,00,00,00,00,00,00,00,00,00,00,00,00,00,00,00,00,00,00,00,00,00,00,00,00,ff,00,00
10,0c,71,00,1f,0c,0a,00,21,0c,d4,00,3b,0c,0a,00,84,00,85,00,1f,02,00,00,00,ff,33,05,06,05,01,00,40,00,00,01,02,00,00,00,09,00,08,01,0a,00,00,00,00,00,00,00,00,00,00,00,00,00,00,00,00,00,00,00,00,00,00,00,00,00,00,00,00,00,00,00,00,00,00,00,00,00,00,00,00,00,00,00,00,00,00,00,00,ff,00,00
3d,0c,54,00,49,0c,0a,00,4b,0c,ff,00,6a,0c,0a,00,09,00,09,00,1f,02,00,00,00,ff,33,05,06,05,01,00,40,00,00,03,02,00,00,00,09,00,1e,01,0a,00,00,00,00,00,00,00,00,00,00,00,00,00,00,00,00,00,00,00,00,00,00,00,00,00,00,00,00,00,00,00,00,00,00,00,00,00,00,00,00,00,00,00,00,00,00,00,00,ff,00,00
6c,0c,6a,00,7b,0c,0a,00,7d,0c,80,01,ad,0c,0a,00,7c,00,7d,00,1f,02,00,00,00,ff,33,05,06,04,01,00,60,00,00,01,02,00,00,00,09,00,16,01,0a,00,00,00,00,00,00,00,00,00,00,00,00,00,00,00,00,fe,fe,fe,fe,fe,fe,fe,fe,fe,00,00,00,00,fe,fe,fe,fe,fe,fe,fe,fe,fe,00,00,00,00,00,00,00,00,00,00,ff,00,00
af,0c,71,00,be,0c,0a,00,c0,0c,06,01,e1,0c,0a,00,aa,01,aa,01,1f,02,00,00,00,ff,11,05,06,04,01,00,40,00,00,00,02,00,00,00,00,00,00,01,00,00,00,00,00,00,00,00,00,00,00,00,00,00,00,00,00,00,00,00,00,00,00,00,00,00,00,00,00,00,00,00,00,00,00,00,00,00,00,00,00,00,00,00,00,00,01,00,00,ff,00,00
e3,0c,5b,00,ef,0c,0a,00,f1,0c,08,01,12,0d,0a,00,ab,01,ab,01,1f,02,00,00,00,ff,11,05,06,04,01,00,40,00,00,00,02,00,00,00,00,00,00,01,00,00,00,00,00,00,00,00,00,00,00,00,00,00,00,00,00,00,00,00,00,00,00,00,00,00,00,00,00,00,00,00,00,00,00,00,00,00,00,00,00,00,00,00,00,00,02,00,00,ff,00,00
14,0d,52,00,1f,0d,0a,00,21,0d,38,01,48,0d,0a,00,94,01,94,01,1f,02,00,00,00,ff,11,05,06,04,01,00,40,00,00,00,02,00,00,00,00,00,00,01,00,00,00,00,00,00,00,00,00,00,00,00,00,00,00,00,00,00,00,00,00,00,00,00,00,00,00,00,00,00,00,00,00,00,00,00,00,00,00,00,00,00,00,00,00,00,04,00,00,ff,00,00
4a,0d,69,00,58,0d,0a,00,5a,0d,c3,00,73,0d,0a,00,aa,01,aa,01,1f,02,00,00,00,ff,15,05,06,04,01,00,40,00,00,00,02,00,00,00,00,00,00,01,00,00,00,00,00,00,00,00,00,00,00,00,00,00,00,00,00,00,00,00,00,00,00,00,00,00,00,00,00,00,00,00,00,00,00,00,00,00,00,00,00,00,00,00,00,00,01,00,00,ff,00,00
75,0d,53,00,80,0d,0a,00,82,0d,c5,00,9b,0d,0a,00,ab,01,ab,01,1f,02,00,00,00,ff,15,05,06,04,01,00,40,00,00,00,02,00,00,00,00,00,00,01,00,00,00,00,00,00,00,00,00,00,00,00,00,00,00,00,00,00,00,00,00,00,00,00,00,00,00,00,00,00,00,00,00,00,00,00,00,00,00,00,00,00,00,00,00,00,02,00,00,ff,00,00
9d,0d,5c,00,a9,0d,0a,00,ab,0d,ea,00,c9,0d,0a,00,94,01,94,01,1f,02,00,00,00,ff,15,05,06,04,01,00,40,00,00,00,02,00,00,00,00,00,00,01,00,00,00,00,00,00,00,00,00,00,00,00,00,00,00,00,00,00,00,00,00,00,00,00,00,00,00,00,00,00,00,00,00,00,00,00,00,00,00,00,00,00,00,00,00,00,04,00,00,ff,00,00
cb,0d,69,00,d8,0d,0a,00,da,0d,f8,00,fa,0d,0a,00,00,00,00,00,22,02,00,00,00,ff,00,00,00,00,00,00,00,00,20,00,02,00,00,00,00,00,00,01,00,00,00,00,00,00,00,00,00,00,00,00,00,00,00,00,00,00,00,00,00,00,00,00,00,00,00,00,00,00,00,00,00,00,00,00,00,00,00,00,00,00,00,00,00,00,00,00,00,00,00,00
fc,0d,60,00,08,0e,0a,00,0a,0e,f8,00,2a,0e,0a,00,00,00,00,00,22,02,00,00,00,ff,00,00,00,00,00,00,00,00,20,00,02,00,00,00,00,00,00,01,00,00,00,00,00,00,00,00,00,00,00,00,00,00,00,00,00,00,00,00,00,00,00,00,00,00,00,00,00,00,00,00,00,00,00,00,00,00,00,00,00,00,00,00,00,00,00,00,00,01,00,00
2c,0e,67,00,39,0e,0a,00,3b,0e,f8,00,5b,0e,0a,00,00,00,00,00,22,02,00,00,00,ff,00,00,00,00,00,00,00,00,20,00,02,00,00,00,00,00,00,01,00,00,00,00,00,00,00,00,00,00,00,00,00,00,00,00,00,00,00,00,00,00,00,00,00,00,00,00,00,00,00,00,00,00,00,00,00,00,00,00,00,00,00,00,00,00,00,00,00,02,00,00
5d,0e,6a,00,6c,0e,0a,00,6e,0e,f8,00,8e,0e,0a,00,00,00,00,00,22,02,00,00,00,ff,00,00,00,00,00,00,00,00,20,00,02,00,00,00,00,00,00,01,00,00,00,00,00,00,00,00,00,00,00,00,00,00,00,00,00,00,00,00,00,00,00,00,00,00,00,00,00,00,00,00,00,00,00,00,00,00,00,00,00,00,00,00,00,00,00,00,00,03,00,00
90,0e,77,00,9f,0e,0a,00,a1,0e,f8,00,c1,0e,0a,00,00,00,00,00,22,02,00,00,00,ff,00,00,00,00,00,00,00,00,20,00,02,00,00,00,00,00,00,01,00,00,00,00,00,00,00,00,00,00,00,00,00,00,00,00,00,00,00,00,00,00,00,00,00,00,00,00,00,00,00,00,00,00,00,00,00,00,00,00,00,00,00,00,00,00,00,00,00,04,00,00
c3,0e,82,00,d4,0e,0a,00,d6,0e,68,01,05,0f,0a,00,00,00,00,00,23,02,00,00,00,ff,00,00,00,00,00,00,00,00,20,00,02,00,00,00,00,00,00,01,00,00,00,00,00,00,00,00,00,00,00,00,00,00,00,00,00,00,00,00,00,00,00,00,00,00,00,00,00,00,00,00,00,00,00,00,00,00,00,00,00,00,00,00,00,00,00,00,00,1d,00,00
07,0f,6f,00,16,0f,0a,00,18,0f,68,01,47,0f,0a,00,00,00,00,00,23,02,00,00,00,ff,00,00,00,00,00,00,00,00,20,00,02,00,00,00,00,00,00,01,00,00,00,00,00,00,00,00,00,00,00,00,00,00,00,00,00,00,00,00,00,00,00,00,00,00,00,00,00,00,00,00,00,00,00,00,00,00,00,00,00,00,00,00,00,00,00,00,00,05,00,00
49,0f,58,00,56,0f,0a,00,58,0f,68,01,87,0f,0a,00,00,00,00,00,23,02,00,00,00,ff,00,00,00,00,00,00,00,00,20,00,02,00,00,00,00,00,00,01,00,00,00,00,00,00,00,00,00,00,00,00,00,00,00,00,00,00,00,00,00,00,00,00,00,00,00,00,00,00,00,00,00,00,00,00,00,00,00,00,00,00,00,00,00,00,00,00,00,06,00,00
89,0f,86,00,9a,0f,0a,00,9c,0f,68,01,cb,0f,0a,00,00,00,00,00,23,02,00,00,00,ff,00,00,00,00,00,00,00,00,20,00,02,00,00,00,00,00,00,01,00,00,00,00,00,00,00,00,00,00,00,00,00,00,00,00,00,00,00,00,00,00,00,00,00,00,00,00,00,00,00,00,00,00,00,00,00,00,00,00,00,00,00,00,00,00,00,00,00,07,00,00
cd,0f,80,00,de,0f,0a,00,e0,0f,68,01,0f,10,0a,00,00,00,00,00,23,02,00,00,00,ff,00,00,00,00,00,00,00,00,20,00,02,00,00,00,00,00,00,01,00,00,00,00,00,00,00,00,00,00,00,00,00,00,00,00,00,00,00,00,00,00,00,00,00,00,00,00,00,00,00,00,00,00,00,00,00,00,00,00,00,00,00,00,00,00,00,00,00,08,00,00
11,10,70,00,1f,10,0a,00,21,10,11,01,44,10,0a,00,00,00,00,00,23,02,00,00,00,ff,00,00,00,00,00,00,00,00,20,00,02,00,00,00,00,00,00,01,00,00,00,00,00,00,00,00,00,00,00,00,00,00,00,00,00,00,00,00,00,00,00,00,00,00,00,00,00,00,00,00,00,00,00,00,00,00,00,00,00,00,00,00,00,00,00,00,00,09,00,00
46,10,82,00,57,10,0a,00,59,10,d9,00,75,10,0a,00,00,00,00,00,29,02,00,00,00,ff,00,00,00,00,00,00,00,00,20,00,02,00,00,00,00,00,00,01,00,00,00,00,00,00,00,00,00,00,00,00,00,00,00,00,00,00,00,00,00,00,00,00,00,00,00,00,00,00,00,00,00,00,00,00,00,00,00,00,00,00,00,00,00,00,00,00,00,0a,00,00
77,10,82,00,88,10,0a,00,8a,10,d9,00,a6,10,0a,00,00,00,00,00,29,02,00,00,00,ff,00,00,00,00,00,00,00,00,20,00,02,00,00,00,00,00,00,01,00,00,00,00,00,00,00,00,00,00,00,00,00,00,00,00,00,00,00,00,00,00,00,00,00,00,00,00,00,00,00,00,00,00,00,00,00,00,00,00,00,00,00,00,00,00,00,00,00,0b,00,00
a8,10,82,00,b9,10,0a,00,bb,10,d9,00,d7,10,0a,00,00,00,00,00,29,02,00,00,00,ff,00,00,00,00,00,00,00,00,20,00,02,00,00,00,00,00,00,01,00,00,00,00,00,00,00,00,00,00,00,00,00,00,00,00,00,00,00,00,00,00,00,00,00,00,00,00,00,00,00,00,00,00,00,00,00,00,00,00,00,00,00,00,00,00,00,00,00,0c,00,00
d9,10,82,00,ea,10,0a,00,ec,10,d9,00,08,11,0a,00,00,00,00,00,29,02,00,00,00,ff,00,00,00,00,00,00,00,00,20,00,02,00,00,00,00,00,00,01,00,00,00,00,00,00,00,00,00,00,00,00,00,00,00,00,00,00,00,00,00,00,00,00,00,00,00,00,00,00,00,00,00,00,00,00,00,00,00,00,00,00,00,00,00,00,00,00,00,0d,00,00
0a,11,4c,00,14,11,0a,00,16,11,01,01,38,11,0a,00,00,00,00,00,26,02,00,00,00,ff,00,00,00,00,00,00,00,00,20,00,02,00,00,00,00,00,00,01,00,00,00,00,00,00,00,00,00,00,00,00,00,00,00,00,00,00,00,00,00,00,00,00,00,00,00,00,00,00,00,00,00,00,00,00,00,00,00,00,00,00,00,00,00,00,00,00,00,0f,00,00
3a,11,4e,00,44,11,0a,00,46,11,01,01,68,11,0a,00,00,00,00,00,26,02,00,00,00,ff,00,00,00,00,00,00,00,00,20,00,02,00,00,00,00,00,00,01,00,00,00,00,00,00,00,00,00,00,00,00,00,00,00,00,00,00,00,00,00,00,00,00,00,00,00,00,00,00,00,00,00,00,00,00,00,00,00,00,00,00,00,00,00,00,00,00,00,10,00,00
6a,11,7f,00,7a,11,0a,00,7c,11,01,01,9e,11,0a,00,00,00,00,00,26,02,00,00,00,ff,00,00,00,00,00,00,00,00,20,00,02,00,00,00,00,00,00,01,00,00,00,00,00,00,00,00,00,00,00,00,00,00,00,00,00,00,00,00,00,00,00,00,00,00,00,00,00,00,00,00,00,00,00,00,00,00,00,00,00,00,00,00,00,00,00,00,00,15,00,00
a0,11,79,00,af,11,0a,00,b1,11,01,01,d3,11,0a,00,00,00,00,00,26,02,00,00,00,ff,00,00,00,00,00,00,00,00,20,00,02,00,00,00,00,00,00,01,00,00,00,00,00,00,00,00,00,00,00,00,00,00,00,00,00,00,00,00,00,00,00,00,00,00,00,00,00,00,00,00,00,00,00,00,00,00,00,00,00,00,00,00,00,00,00,00,00,16,00,00
d5,11,64,00,e2,11,0a,00,e4,11,01,01,06,12,0a,00,00,00,00,00,26,02,00,00,00,ff,00,00,00,00,00,00,00,00,20,00,02,00,00,00,00,00,00,01,00,00,00,00,00,00,00,00,00,00,00,00,00,00,00,00,00,00,00,00,00,00,00,00,00,00,00,00,00,00,00,00,00,00,00,00,00,00,00,00,00,00,00,00,00,00,00,00,00,17,00,00
08,12,85,00,19,12,0a,00,1b,12,01,01,3d,12,0a,00,00,00,00,00,26,02,00,00,00,ff,00,00,00,00,00,00,00,00,20,00,02,00,00,00,00,00,00,01,00,00,00,00,00,00,00,00,00,00,00,00,00,00,00,00,00,00,00,00,00,00,00,00,00,00,00,00,00,00,00,00,00,00,00,00,00,00,00,00,00,00,00,00,00,00,00,00,00,18,00,00
3f,12,6a,00,4e,12,0a,00,50,12,01,01,72,12,0a,00,00,00,00,00,26,02,00,00,00,ff,00,00,00,00,00,00,00,00,20,00,02,00,00,00,00,00,00,01,00,00,00,00,00,00,00,00,00,00,00,00,00,00,00,00,00,00,00,00,00,00,00,00,00,00,00,00,00,00,00,00,00,00,00,00,00,00,00,00,00,00,00,00,00,00,00,00,00,19,00,00
74,12,74,00,83,12,0a,00,85,12,01,01,a7,12,0a,00,00,00,00,00,26,02,00,00,00,ff,00,00,00,00,00,00,00,00,20,00,02,00,00,00,00,00,00,01,00,00,00,00,00,00,00,00,00,00,00,00,00,00,00,00,00,00,00,00,00,00,00,00,00,00,00,00,00,00,00,00,00,00,00,00,00,00,00,00,00,00,00,00,00,00,00,00,00,1a,00,00
a9,12,82,00,b9,12,0a,00,bb,12,01,01,dd,12,0a,00,00,00,00,00,26,02,00,00,00,ff,00,00,00,00,00,00,00,00,20,00,02,00,00,00,00,00,00,01,00,00,00,00,00,00,00,00,00,00,00,00,00,00,00,00,00,00,00,00,00,00,00,00,00,00,00,00,00,00,00,00,00,00,00,00,00,00,00,00,00,00,00,00,00,00,00,00,00,1b,00,00
df,12,5d,00,eb,12,0a,00,ed,12,01,01,0f,13,0a,00,00,00,00,00,26,02,00,00,00,ff,00,00,00,00,00,00,00,00,20,00,02,00,00,00,00,00,00,01,00,00,00,00,00,00,00,00,00,00,00,00,00,00,00,00,00,00,00,00,00,00,00,00,00,00,00,00,00,00,00,00,00,00,00,00,00,00,00,00,00,00,00,00,00,00,00,00,00,0e,00,00
11,13,61,00,1e,13,0a,00,20,13,f1,00,3f,13,0a,00,00,00,00,00,27,02,00,00,00,ff,00,00,00,00,00,00,00,00,20,00,02,00,00,00,00,00,00,01,00,00,00,00,00,00,00,00,00,00,00,00,00,00,00,00,00,00,00,00,00,00,00,00,00,00,00,00,00,00,00,00,00,00,00,00,00,00,00,00,00,00,00,00,00,00,00,00,00,1c,00,00
41,13,6e,00,4f,13,0a,00,51,13,3e,01,7a,13,0a,00,00,00,00,00,28,02,00,00,00,ff,00,00,00,00,00,00,00,00,20,00,02,00,00,00,00,00,00,01,00,00,00,00,00,00,00,00,00,00,00,00,00,00,00,00,00,00,00,00,00,00,00,00,00,00,00,00,00,00,00,00,00,00,00,00,00,00,00,00,00,00,00,00,00,00,00,00,00,11,00,00
7c,13,6a,00,8a,13,0a,00,8c,13,3e,01,b5,13,0a,00,00,00,00,00,28,02,00,00,00,ff,00,00,00,00,00,00,00,00,20,00,02,00,00,00,00,00,00,01,00,00,00,00,00,00,00,00,00,00,00,00,00,00,00,00,00,00,00,00,00,00,00,00,00,00,00,00,00,00,00,00,00,00,00,00,00,00,00,00,00,00,00,00,00,00,00,00,00,12,00,00
b7,13,7b,00,c7,13,0a,00,c9,13,3e,01,f2,13,0a,00,00,00,00,00,28,02,00,00,00,ff,00,00,00,00,00,00,00,00,00,00,02,00,00,00,00,00,00,01,00,00,00,00,00,00,00,00,00,00,00,00,00,00,00,00,00,00,00,00,00,00,00,00,00,00,00,00,00,00,00,00,00,00,00,00,00,00,00,00,00,00,00,00,00,00,00,00,00,13,00,00
f4,13,5f,00,00,14,0a,00,02,14,3e,01,2b,14,0a,00,00,00,00,00,28,02,00,00,00,ff,00,00,00,00,00,00,00,00,00,00,02,00,00,00,00,00,00,01,00,00,00,00,00,00,00,00,00,00,00,00,00,00,00,00,00,00,00,00,00,00,00,00,00,00,00,00,00,00,00,00,00,00,00,00,00,00,00,00,00,00,00,00,00,00,00,00,00,14,00,00
2d,14,1c,00,31,14,0a,00,33,14,96,00,47,14,0a,00,00,00,00,00,2c,02,00,00,00,ff,00,00,01,00,00,00,00,00,08,00,02,00,00,00,00,00,00,01,00,00,00,00,00,00,00,00,00,00,00,00,00,00,00,00,00,00,00,00,00,00,00,00,00,00,00,00,00,00,00,00,00,00,00,00,00,00,00,00,00,00,00,00,00,00,00,00,00,ff,00,00
49,14,61,00,55,14,0a,00,57,14,6f,00,65,14,0a,00,00,00,00,00,2a,02,00,00,00,ff,00,00,01,00,00,00,00,00,90,00,02,00,00,00,00,00,00,01,00,00,00,00,00,00,00,00,00,00,00,00,00,00,00,00,00,00,00,00,00,00,00,00,00,00,00,00,00,00,00,00,00,00,00,00,00,00,00,00,00,00,00,00,00,00,00,00,00,ff,00,00
67,14,25,00,6c,14,0a,00,6e,14,2e,01,95,14,0a,00,00,00,00,00,2a,02,00,00,00,ff,00,00,00,00,00,00,00,00,00,00,02,00,00,00,00,00,00,01,00,00,00,00,00,00,00,00,00,00,00,00,00,00,00,00,00,00,00,00,00,00,00,00,00,00,00,00,00,00,00,00,00,00,00,00,00,00,00,00,00,00,00,00,00,00,00,00,00,ff,00,00
97,14,6b,00,a6,14,0a,00,a8,14,2e,01,cf,14,0a,00,00,00,00,00,2a,02,00,00,00,ff,00,00,00,00,00,00,00,00,00,00,02,00,00,00,00,00,00,01,00,00,00,00,00,00,00,00,00,00,00,00,00,00,00,00,00,00,00,00,00,00,00,00,00,00,00,00,00,00,00,00,00,00,00,00,00,00,00,00,00,00,00,00,00,00,00,00,00,ff,00,00
d1,14,66,00,df,14,0a,00,e1,14,2e,01,08,15,0a,00,00,00,00,00,2a,02,00,00,00,ff,00,00,00,00,00,00,00,00,00,00,02,00,00,00,00,00,00,01,00,00,00,00,00,00,00,00,00,00,00,00,00,00,00,00,00,00,00,00,00,00,00,00,00,00,00,00,00,00,00,00,00,00,00,00,00,00,00,00,00,00,00,00,00,00,00,00,00,ff,00,00
0a,15,45,00,13,15,0a,00,15,15,2e,01,3c,15,0a,00,00,00,00,00,2a,02,00,00,00,ff,00,00,00,00,00,00,00,00,00,00,02,00,00,00,00,00,00,01,00,00,00,00,00,00,00,00,00,00,00,00,00,00,00,00,00,00,00,00,00,00,00,00,00,00,00,00,00,00,00,00,00,00,00,00,00,00,00,00,00,00,00,00,00,00,00,00,00,ff,00,00
3e,15,32,00,45,15,0a,00,47,15,2e,01,6e,15,0a,00,00,00,00,00,2a,02,00,00,00,ff,00,00,00,00,00,00,00,00,00,00,02,00,00,00,00,00,00,01,00,00,00,00,00,00,00,00,00,00,00,00,00,00,00,00,00,00,00,00,00,00,00,00,00,00,00,00,00,00,00,00,00,00,00,00,00,00,00,00,00,00,00,00,00,00,00,00,00,ff,00,00
70,15,8b,00,81,15,0a,00,83,15,2e,01,aa,15,0a,00,00,00,00,00,2a,02,00,00,00,ff,00,00,00,00,00,00,00,00,00,00,02,00,00,00,00,00,00,01,00,00,00,00,00,00,00,00,00,00,00,00,00,00,00,00,00,00,00,00,00,00,00,00,00,00,00,00,00,00,00,00,00,00,00,00,00,00,00,00,00,00,00,00,00,00,00,00,00,ff,00,00
ac,15,93,00,bf,15,0a,00,c1,15,2e,01,e8,15,0a,00,00,00,00,00,2a,02,00,00,00,ff,00,00,00,00,00,00,00,00,00,00,02,00,00,00,00,00,00,01,00,00,00,00,00,00,00,00,00,00,00,00,00,00,00,00,00,00,00,00,00,00,00,00,00,00,00,00,00,00,00,00,00,00,00,00,00,00,00,00,00,00,00,00,00,00,00,00,00,ff,00,00
ea,15,78,00,fb,15,0a,00,fd,15,2e,01,24,16,0a,00,00,00,00,00,2a,02,00,00,00,ff,00,00,00,00,00,00,00,00,00,00,02,00,00,00,00,00,00,01,00,00,00,00,00,00,00,00,00,00,00,00,00,00,00,00,00,00,00,00,00,00,00,00,00,00,00,00,00,00,00,00,00,00,00,00,00,00,00,00,00,00,00,00,00,00,00,00,00,ff,00,00
26,16,8d,00,38,16,0a,00,3a,16,2e,01,61,16,0a,00,00,00,00,00,2a,02,00,00,00,ff,00,00,00,00,00,00,00,00,00,00,02,00,00,00,00,00,00,01,00,00,00,00,00,00,00,00,00,00,00,00,00,00,00,00,00,00,00,00,00,00,00,00,00,00,00,00,00,00,00,00,00,00,00,00,00,00,00,00,00,00,00,00,00,00,00,00,00,ff,00,00
63,16,78,00,73,16,0a,00,75,16,2e,01,9c,16,0a,00,00,00,00,00,2a,02,00,00,00,ff,00,00,00,00,00,00,00,00,00,00,02,00,00,00,00,00,00,01,00,00,00,00,00,00,00,00,00,00,00,00,00,00,00,00,00,00,00,00,00,00,00,00,00,00,00,00,00,00,00,00,00,00,00,00,00,00,00,00,00,00,00,00,00,00,00,00,00,ff,00,00
5f,7e,83,78,7e,7d,00,47,00,61,74,82,83,7e,81,74,82,3a,32,30,30,3a,57,5f,3a,7e,75,3a,7e,7d,74,3a,72,77,70,81,70,72,83,74,81,48,00,47,00,57,78,47,5f,7e,83,78,7e,7d,00,47,00,61,74,82,83,7e,81,74,82,3a,31,30,30,30,3a,57,5f,3a,7e,75,3a,7e,7d,74,3a,72,77,70,81,70,72,83,74,81,48,00,47,00,67,47,5f,7e,83,78,7e,7d,00,47,00,55,84,7b,7b,88,3a,81,74,82,83,7e,81,74,82,3a,57,5f,3a,7e,75,3a,7e,7d,74,3a,72,77,70,81,70,72,83,74,81,48,00,47,00,5c,74,76,70,47,5f,7e,83,78,7e,7d,00,47,00,61,74,82,83,7e,81,74,82,3a,32,30,30,30,3a,57,5f,3a,7e,75,3a,74,70,72,77,3a,7f,70,81,83,88,3a,7c,74,7c,71,74,81,48,00,47,00,54,83,77,74,81,00,47,00,61,74,82,83,7e,81,74,82,3a,31,30,30,3a,5c,5f,3a,7e,75,3a,7e,7d,74,3a,72,77,70,81,70,72,83,74,81,48,00,47,00,63,84,81,71,7e,3a,54,83,77,74,81,00,47,00,61,74,82,83,7e,81,74,82,3a,35,30,30,3a,5c,5f,3a,7e,75,3a,7e,7d,74,3a,72,77,70,81,70,72,83,74,81,48,00,47,00,5f,77,7e,74,7d,78,87,3a,53,7e,86,7d,00,47,00,61,74,85,78,85,74,82,3a,7e,7d,74,3a,72,77,70,81,70,72,83,74,81,3a,75,81,7e,7c,3a,0a,b1,5a,5e,0a,41,48,00,47,00,5c,74,76,70,3a,5f,77,7e,74,7d,78,87,00,47,00,61,74,85,78,85,74,82,3a,7f,70,81,83,88,3a,75,81,7e,7c,3a,0a,b1,5a,5e,0a,41,48,00,47,00,54,7b,78,87,78,81,00,47,00,55,84,7b,7b,88,3a,81,74,82,83,7e,81,74,82,3a,7e,7d,74,3a,72,77,70,81,70,72,83,74,81,41,82,3a,57,5f,3a,40,3a,5c,5f,48,00,47,00,5c,74,76,70,7b,78,87,78,81,00,47,00,55,84,7b,7b,88,3a,81,74,82,83,7e,81,74,82,3a,57,5f,3a,40,3a,5c,5f,3a,7e,75,3a,7f,70,81,83,88,48,00,47,00,50,7d,83,78,73,7e,83,74,00,47,00,52,84,81,74,82,3a,0a,b1,7f,7e,78,82,7e,7d,0a,41,48,00,47,00,62,7e,75,83,00,47,00,52,84,81,74,82,3a,0a,b1,7f,74,83,81,78,75,78,72,70,83,78,7e,7d,0a,41,48,00,47,00,54,88,74,3a,53,81,7e,7f,82,00,47,00,52,84,81,74,82,3a,0a,b1,73,70,81,7a,7d,74,82,82,0a,41,48,00,47,00,54,72,77,7e,3a,62,72,81,74,74,7d,00,47,00,52,84,81,74,82,3a,0a,b1,82,78,7b,74,7d,72,74,0a,41,48,00,47,00,57,7e,7b,88,3a,66,70,83,74,81,00,47,00,52,84,81,74,82,3a,0a,b1,89,7e,7c,71,78,74,0a,41,3a,70,7d,73,3a,0a,b1,72,84,81,82,74,0a,41,48,00,47,00,61,74,7c,74,73,88,00,47,00,52,84,81,74,82,3a,70,7b,7b,3a,82,83,70,83,84,82,3a,70,71,7d,7e,81,7c,70,7b,78,83,78,74,82,48,00,47,00,5f,7e,86,74,81,3a,53,78,82,83,78,7b,7b,74,81,00,47,00,5c,70,7a,74,82,3a,7e,7d,74,3a,74,7d,74,7c,88,3a,73,81,7e,7f,3a,5f,7e,86,74,81,3a,62,7f,77,74,81,74,82,48,00,47,00,5c,70,7d,70,3a,53,78,82,83,78,7b,7b,74,81,00,47,00,5c,70,7a,74,82,3a,7e,7d,74,3a,74,7d,74,7c,88,3a,73,81,7e,7f,3a,5c,70,7d,70,3a,62,7f,77,74,81,74,82,48,00,47,00,62,7f,74,74,73,3a,53,78,82,83,78,7b,7b,74,81,00,47,00,5c,70,7a,74,82,3a,7e,7d,74,3a,74,7d,74,7c,88,3a,73,81,7e,7f,3a,62,7f,74,74,73,3a,62,7f,77,74,81,74,82,48,00,47,00,50,71,78,7b,78,83,88,3a,53,78,82,83,78,7b,7b,74,81,00,47,00,5c,70,7a,74,82,3a,7e,7d,74,3a,74,7d,74,7c,88,3a,73,81,7e,7f,3a,50,71,78,7b,78,83,88,3a,62,7f,77,74,81,74,82,48,00,47,00,50,7b,3a,51,77,74,73,3a,5f,7e,83,78,7e,7d,00,47,00,52,84,81,74,82,3a,0a,b1,7f,7e,78,82,7e,7d,0a,41,46,3a,0a,b1,82,78,7b,74,7d,72,74,0a,41,46,3a,0a,b1,7f,74,83,81,78,75,78,72,70,83,78,7e,7d,0a,41,48,3a,56,78,85,74,82,3a,31,30,30,30,3a,57,5f,3a,83,7e,3a,70,7b,7b,48,00,47,00,57,74,70,7b,78,7d,76,3a,66,70,83,74,81,00,47,00,55,84,7b,7b,88,3a,81,74,82,83,7e,81,74,82,3a,57,5f,3a,7e,75,3a,7f,70,81,83,88,48,00,47,00,63,74,83,81,70,3a,54,7b,74,7c,74,7d,83,70,7b,00,47,00,55,84,7b,7b,88,3a,81,74,82,83,7e,81,74,82,3a,57,5f,3a,70,7d,73,3a,72,70,82,83,82,3a,5d,84,7b,50,7b,7b,3a,7e,7d,3a,7f,70,81,83,88,48,00,47,00,50,7d,83,70,81,72,83,78,72,3a,66,78,7d,73,00,47,00,53,74,70,7b,82,3a,78,72,74,3a,73,70,7c,70,76,74,3a,83,7e,3a,70,7d,3a,74,7d,74,7c,88,48,00,47,00,50,81,72,83,78,72,3a,66,78,7d,73,00,47,00,53,74,70,7b,82,3a,78,72,74,3a,73,70,7c,70,76,74,3a,83,7e,3a,70,7d,3a,74,7d,74,7c,88,48,00,47,00,58,72,74,3a,56,74,7c,00,47,00,53,74,70,7b,82,3a,78,72,74,3a,73,70,7c,70,76,74,3a,83,7e,3a,70,7b,7b,3a,74,7d,74,7c,78,74,82,48,00,47,00,51,7e,7c,71,3a,55,81,70,76,7c,74,7d,83,00,47,00,53,74,70,7b,82,3a,75,78,81,74,3a,73,70,7c,70,76,74,3a,83,7e,3a,70,7d,3a,74,7d,74,7c,88,48,00,47,00,51,7e,7c,71,3a,52,7e,81,74,00,47,00,53,74,70,7b,82,3a,75,78,81,74,3a,73,70,7c,70,76,74,3a,83,7e,3a,70,7d,3a,74,7d,74,7c,88,48,00,47,00,55,78,81,74,3a,56,74,7c,00,47,00,53,74,70,7b,82,3a,75,78,81,74,3a,73,70,7c,70,76,74,3a,83,7e,3a,70,7b,7b,3a,74,7d,74,7c,78,74,82,48,00,47,00,54,7b,74,72,83,81,7e,3a,5c,70,81,71,7b,74,00,47,00,53,74,70,7b,82,3a,7b,78,76,77,83,7d,78,7d,76,3a,73,70,7c,70,76,74,3a,83,7e,3a,70,7d,3a,74,7d,74,7c,88,48,00,47,00,5b,78,76,77,83,7d,78,7d,76,3a,5c,70,81,71,7b,74,00,47,00,53,74,70,7b,82,3a,7b,78,76,77,83,7d,78,7d,76,3a,73,70,7c,70,76,74,3a,83,7e,3a,70,7d,3a,74,7d,74,7c,88,48,00,47,00,5b,78,76,77,83,7d,78,7d,76,3a,56,74,7c,00,47,00,53,74,70,7b,82,3a,7b,78,76,77,83,7d,78,7d,76,3a,73,70,7c,70,76,74,3a,83,7e,3a,70,7b,7b,3a,74,7d,74,7c,78,74,82,48,00,47,00,55,78,82,77,3a,62,72,70,7b,74,00,47,00,53,74,70,7b,82,3a,86,70,83,74,81,3a,73,70,7c,70,76,74,3a,83,7e,3a,70,7d,3a,74,7d,74,7c,88,48,00,47,00,53,81,70,76,7e,7d,3a,62,72,70,7b,74,00,47,00,53,74,70,7b,82,3a,86,70,83,74,81,3a,73,70,7c,70,76,74,3a,83,7e,3a,70,7d,3a,74,7d,74,7c,88,48,00,47,00,66,70,83,74,81,3a,56,74,7c,00,47,00,53,74,70,7b,82,3a,86,70,83,74,81,3a,73,70,7c,70,76,74,3a,83,7e,3a,70,7b,7b,3a,74,7d,74,7c,78,74,82,48,00,47,00,56,81,74,7d,70,73,74,00,47,00,53,70,7c,70,76,74,82,3a,70,7b,7b,3a,74,7d,74,7c,78,74,82,48,00,47,00,55,81,70,76,3a,56,81,74,7d,70,73,74,00,47,00,58,7d,75,7b,78,72,83,82,3a,73,70,7c,70,76,74,3a,70,7d,73,3a,50,81,7c,7e,81,3a,51,81,74,70,7a,3a,7e,7d,3a,70,7b,7b,3a,74,7d,74,7c,78,74,82,48,00,47,00,62,7b,74,74,7f,78,7d,76,3a,5f,7e,86,73,74,81,00,47,00,58,7d,75,7b,78,72,83,82,3a,73,70,7c,70,76,74,3a,70,7d,73,3a,0a,b1,82,7b,74,74,7f,0a,41,3a,7e,7d,3a,70,7b,7b,3a,74,7d,74,7c,78,74,82,48,00,47,00,53,81,74,70,7c,3a,5f,7e,86,73,74,81,00,47,00,58,7d,75,7b,78,72,83,82,3a,73,70,7c,70,76,74,3a,70,7d,73,3a,0a,b1,82,7b,74,74,7f,0a,41,3a,7e,7d,3a,70,7b,7b,3a,74,7d,74,7c,78,74,82,48,00,47,00,62,78,7b,74,7d,72,74,3a,56,81,74,7d,70,73,74,00,47,00,58,7d,75,7b,78,72,83,82,3a,73,70,7c,70,76,74,3a,70,7d,73,3a,0a,b1,82,78,7b,74,7d,72,74,0a,41,3a,7e,7d,3a,70,7b,7b,3a,74,7d,74,7c,78,74,82,48,00,47,00,62,7c,7e,7a,74,3a,51,7e,7c,71,00,47,00,58,7d,75,7b,78,72,83,82,3a,73,70,7c,70,76,74,3a,70,7d,73,3a,0a,b1,73,70,81,7a,7d,74,82,82,0a,41,3a,7e,7d,3a,70,7b,7b,3a,74,7d,74,7c,78,74,82,48,00,47,00,62,77,70,73,7e,86,3a,56,74,7c,00,47,00,61,74,73,84,72,74,82,3a,57,5f,3a,7e,75,3a,70,7b,7b,3a,74,7d,74,7c,78,74,82,3a,71,88,3a,77,70,7b,75,48,00,47,00,62,77,78,7d,78,7d,76,3a,56,74,7c,00,47,00,53,70,7c,70,76,74,82,3a,70,7d,3a,74,7d,74,7c,88,48,00,47,00,51,7b,74,82,82,74,73,3a,56,74,7c,00,47,00,53,70,7c,70,76,74,82,3a,70,7d,3a,74,7d,74,7c,88,48,00,47,00,62,84,7f,81,74,7c,74,3a,56,74,7c,00,47,00,53,70,7c,70,76,74,82,3a,70,7b,7b,3a,74,7d,74,7c,78,74,82,48,00,47,00,5f,7e,78,82,7e,7d,3a,55,70,7d,76,00,47,00,58,7d,75,7b,78,72,83,82,3a,73,70,7c,70,76,74,3a,70,7d,73,3a,0a,b1,7f,7e,78,82,7e,7d,0a,41,3a,7e,7d,3a,70,7d,3a,74,7d,74,7c,88,48,00,47,00,62,78,7b,85,74,81,3a,57,7e,84,81,76,7b,70,82,82,00,47,00,53,74,7b,70,88,82,3a,7d,74,87,83,3a,83,84,81,7d,3a,7e,75,3a,70,7b,7b,3a,74,7d,74,7c,78,74,82,48,00,47,00,56,7e,7b,73,3a,57,7e,84,81,76,7b,70,82,82,00,47,00,53,70,7c,70,76,74,82,3a,70,7b,7b,3a,74,7d,74,7c,78,74,82,3a,70,7d,73,3a,73,74,7b,70,88,82,3a,83,77,74,78,81,3a,7d,74,87,83,3a,83,84,81,7d,48,00,47,00,52,70,7d,73,7b,74,3a,7e,75,3a,5b,78,75,74,00,47,00,52,70,82,83,82,3a,0a,b1,53,7e,7e,7c,0a,41,3a,7e,7d,3a,70,7d,3a,74,7d,74,7c,88,48,00,47,00,5f,74,83,81,78,75,88,3a,56,81,74,7d,70,73,74,00,47,00,0a,b1,5f,74,83,81,78,75,78,74,82,0a,41,3a,70,7b,7b,3a,74,7d,74,7c,78,74,82,48,00,47,00,55,70,81,7f,7b,70,7d,74,3a,62,77,70,73,7e,86,00,47,00,58,7d,75,7b,78,72,83,82,3a,0a,b1,73,74,70,83,77,0a,41,3a,7e,7d,3a,70,7d,3a,74,7d,74,7c,88,48,00,47,00,55,70,81,7f,7b,70,7d,74,3a,66,78,7d,73,00,47,00,58,7d,75,7b,78,72,83,82,3a,0a,b1,73,74,70,83,77,0a,41,3a,7e,7d,3a,70,7b,7b,3a,74,7d,74,7c,78,74,82,48,00,47,00,53,74,82,78,76,7d,74,81,3a,66,70,7b,7b,74,83,00,47,00,63,77,74,81,74,3a,82,74,74,7c,82,3a,83,7e,3a,71,74,3a,82,7e,7c,74,3a,84,82,74,3a,75,7e,81,3a,83,77,78,82,48,48,48,00,47,00,53,70,81,7a,3a,5c,70,83,83,74,81,00,47,00,53,74,70,7b,82,3a,7c,70,79,7e,81,3a,73,70,7c,70,76,74,3a,83,7e,3a,70,7b,7b,3a,74,7d,74,7c,78,74,82,48,00,47,00,52,77,7e,72,7e,71,7e,3a,55,74,70,83,77,74,81,00,47,00,52,70,82,83,82,3a,0a,b1,57,70,82,83,74,0a,41,3a,7e,7d,3a,7e,7d,74,3a,72,77,70,81,70,72,83,74,81,48,00,47,00,52,77,7e,72,7e,71,7e,3a,66,78,7d,76,00,47,00,52,70,82,83,82,3a,0a,b1,57,70,82,83,74,0a,41,3a,7e,7d,3a,7f,70,81,83,88,48,00,47,00,5b,84,7d,70,81,3a,52,84,81,83,70,78,7d,00,47,00,52,70,82,83,82,3a,0a,b1,62,77,74,7b,7b,0a,41,3a,7e,7d,3a,7e,7d,74,3a,72,77,70,81,70,72,83,74,81,48,00,47,00,5b,78,76,77,83,3a,52,84,81,83,70,78,7d,00,47,00,52,70,82,83,82,3a,0a,b1,5f,81,7e,83,74,72,83,0a,41,3a,7e,7d,3a,7e,7d,74,3a,72,77,70,81,70,72,83,74,81,48,00,47,00,62,83,70,81,3a,52,84,81,83,70,78,7d,00,47,00,52,70,82,83,82,3a,0a,b1,61,74,75,7b,74,72,83,0a,41,3a,7e,7d,3a,7e,7d,74,3a,72,77,70,81,70,72,83,74,81,48,00,47,00,57,74,70,7b,78,7d,76,3a,62,7f,81,78,7d,76,00,47,00,52,70,82,83,82,3a,0a,b1,61,74,76,74,7d,0a,41,3a,7e,7d,3a,7e,7d,74,3a,72,77,70,81,70,72,83,74,81,48,00,47,00,5c,70,7d,70,3a,62,7f,81,78,7d,76,00,47,00,50,71,82,7e,81,71,82,3a,5c,5f,3a,75,81,7e,7c,3a,70,7d,3a,74,7d,74,7c,88,48,00,47,00,62,83,70,7c,78,7d,70,3a,62,7f,81,78,7d,76,00,47,00,50,71,82,7e,81,71,82,3a,57,5f,3a,75,81,7e,7c,3a,70,7d,3a,74,7d,74,7c,88,48,00,47,00,62,7e,84,7b,3a,62,7f,81,78,7d,76,00,47,00,50,71,82,7e,81,71,82,3a,57,5f,3a,40,3a,5c,5f,3a,75,81,7e,7c,3a,70,7d,3a,74,7d,74,7c,88,48,00,47,00,5f,84,81,78,75,88,78,7d,76,3a,62,70,7b,83,00,47,00,53,70,7c,70,76,74,82,3a,70,7d,3a,74,7d,74,7c,88,3a,70,7d,73,3a,73,78,82,7f,74,7b,82,3a,78,83,82,3a,7c,70,76,78,72,3a,74,75,75,74,72,83,82,48,00,47,00,62,83,70,7c,78,7d,70,3a,63,70,71,7b,74,83,00,47,00,53,7e,84,71,7b,74,82,3a,7c,70,87,3a,57,5f,3a,7e,75,3a,7e,7d,74,3a,72,77,70,81,70,72,83,74,81,48,00,47,00,5c,70,7d,70,3a,63,70,71,7b,74,83,00,47,00,53,7e,84,71,7b,74,82,3a,7c,70,87,3a,5c,5f,3a,7e,75,3a,7e,7d,74,3a,72,77,70,81,70,72,83,74,81,48,00,47,00,63,86,78,7d,3a,62,83,70,81,82,00,47,00,61,74,73,84,72,74,82,3a,5c,5f,3a,72,7e,82,83,3a,7e,75,3a,7e,7d,74,3a,72,77,70,81,70,72,83,74,81,3a,83,7e,3a,30,48,00,47,00,62,83,70,7c,78,7d,70,3a,63,7e,7d,78,72,00,47,00,53,7e,84,71,7b,74,82,3a,7c,70,87,3a,57,5f,3a,7e,75,3a,7f,70,81,83,88,48,00,47,00,5c,70,7d,70,3a,63,7e,7d,78,72,00,47,00,53,7e,84,71,7b,74,82,3a,7c,70,87,3a,5c,5f,3a,7e,75,3a,7f,70,81,83,88,48,00,47,00,63,77,81,74,74,3a,62,83,70,81,82,00,47,00,61,74,73,84,72,74,82,3a,7f,70,81,83,88,41,82,3a,5c,5f,3a,72,7e,82,83,3a,83,7e,3a,30,48,00,47,00,5f,7e,86,74,81,3a,62,7f,77,74,81,74,00,47,00,50,72,83,78,85,70,83,74,82,3a,7d,7e,73,74,82,3a,7e,7d,3a,62,7f,77,74,81,74,3a,56,81,78,73,48,00,47,00,5c,70,7d,70,3a,62,7f,77,74,81,74,00,47,00,50,72,83,78,85,70,83,74,82,3a,7d,7e,73,74,82,3a,7e,7d,3a,62,7f,77,74,81,74,3a,56,81,78,73,48,00,47,00,62,7f,74,74,73,3a,62,7f,77,74,81,74,00,47,00,50,72,83,78,85,70,83,74,82,3a,7d,7e,73,74,82,3a,7e,7d,3a,62,7f,77,74,81,74,3a,56,81,78,73,48,00,47,00,50,71,78,7b,78,83,88,3a,62,7f,77,74,81,74,00,47,00,50,72,83,78,85,70,83,74,82,3a,7d,7e,73,74,82,3a,7e,7d,3a,62,7f,77,74,81,74,3a,56,81,78,73,48,00,47,00,55,7e,81,83,84,7d,74,3a,62,7f,77,74,81,74,00,47,00,50,72,83,78,85,70,83,74,82,3a,7d,7e,73,74,82,3a,7e,7d,3a,62,7f,77,74,81,74,3a,56,81,78,73,48,00,47,00,50,83,83,81,78,71,84,83,74,3a,62,7f,77,74,81,74,00,47,00,50,72,83,78,85,70,83,74,82,3a,7d,7e,73,74,82,3a,84,82,74,73,3a,71,88,3a,70,7b,7b,78,74,82,3a,7e,7d,3a,62,7f,77,74,81,74,3a,56,81,78,73,48,00,47,00,62,7f,74,72,78,70,7b,3a,62,7f,77,74,81,74,00,47,00,50,72,83,78,85,70,83,74,82,3a,7d,7e,73,74,82,3a,84,82,74,73,3a,71,88,3a,70,7b,7b,78,74,82,3a,7e,7d,3a,62,7f,77,74,81,74,3a,56,81,78,73,48,00,47,00,62,7a,78,7b,7b,3a,62,7f,77,74,81,74,00,47,00,50,72,83,78,85,70,83,74,82,3a,7d,7e,73,74,82,3a,84,82,74,73,3a,71,88,3a,70,7b,7b,78,74,82,3a,7e,7d,3a,62,7f,77,74,81,74,3a,56,81,78,73,48,00,47,00,66,77,83,3a,5c,70,76,78,72,3a,62,7f,77,74,81,74,00,47,00,50,72,83,78,85,70,83,74,82,3a,7d,7e,73,74,82,3a,84,82,74,73,3a,71,88,3a,70,7b,7b,78,74,82,3a,7e,7d,3a,62,7f,77,74,81,74,3a,56,81,78,73,48,00,47,00,51,7b,7a,3a,5c,70,76,78,72,3a,62,7f,77,74,81,74,00,47,00,50,72,83,78,85,70,83,74,82,3a,7d,7e,73,74,82,3a,84,82,74,73,3a,71,88,3a,70,7b,7b,78,74,82,3a,7e,7d,3a,62,7f,77,74,81,74,3a,56,81,78,73,48,00,47,00,5c,70,82,83,74,81,3a,62,7f,77,74,81,74,00,47,00,50,72,83,78,85,70,83,74,82,3a,70,7d,88,3a,7d,7e,73,74,3a,7e,7d,3a,62,7f,77,74,81,74,3a,56,81,78,73,48,00,47,00,5b,85,48,3a,31,3a,5a,74,88,3a,62,7f,77,74,81,74,00,47,00,5e,7f,74,7d,82,3a,5b,7e,72,7a,82,3a,7e,7d,3a,62,7f,77,74,81,74,3a,56,81,78,73,48,00,47,00,5b,85,48,3a,32,3a,5a,74,88,3a,62,7f,77,74,81,74,00,47,00,5e,7f,74,7d,82,3a,5b,7e,72,7a,82,3a,7e,7d,3a,62,7f,77,74,81,74,3a,56,81,78,73,48,00,47,00,5b,85,48,3a,33,3a,5a,74,88,3a,62,7f,77,74,81,74,00,47,00,5e,7f,74,7d,82,3a,5b,7e,72,7a,82,3a,7e,7d,3a,62,7f,77,74,81,74,3a,56,81,78,73,48,00,47,00,5b,85,48,3a,34,3a,5a,74,88,3a,62,7f,77,74,81,74,00,47,00,5e,7f,74,7d,82,3a,5b,7e,72,7a,82,3a,7e,7d,3a,62,7f,77,74,81,74,3a,56,81,78,73,48,00,47,00,57,5f,3a,62,7f,77,74,81,74,00,47,00,55,78,7b,7b,82,3a,74,7c,7f,83,88,3a,7d,7e,73,74,82,3a,7e,7d,3a,62,7f,77,74,81,74,3a,56,81,78,73,48,00,47,00,5c,5f,3a,62,7f,77,74,81,74,00,47,00,55,78,7b,7b,82,3a,74,7c,7f,83,88,3a,7d,7e,73,74,82,3a,7e,7d,3a,62,7f,77,74,81,74,3a,56,81,78,73,48,00,47,00,62,83,81,74,7d,76,83,77,3a,62,7f,77,74,81,74,00,47,00,55,78,7b,7b,82,3a,74,7c,7f,83,88,3a,7d,7e,73,74,82,3a,7e,7d,3a,62,7f,77,74,81,74,3a,56,81,78,73,48,00,47,00,53,74,75,74,7d,82,74,3a,62,7f,77,74,81,74,00,47,00,55,78,7b,7b,82,3a,74,7c,7f,83,88,3a,7d,7e,73,74,82,3a,7e,7d,3a,62,7f,77,74,81,74,3a,56,81,78,73,48,00,47,00,5c,70,76,78,72,3a,62,7f,77,74,81,74,00,47,00,55,78,7b,7b,82,3a,74,7c,7f,83,88,3a,7d,7e,73,74,82,3a,7e,7d,3a,62,7f,77,74,81,74,3a,56,81,78,73,48,00,47,00,5c,70,76,78,72,3a,53,74,75,3a,62,7f,77,74,81,74,00,47,00,55,78,7b,7b,82,3a,74,7c,7f,83,88,3a,7d,7e,73,74,82,3a,7e,7d,3a,62,7f,77,74,81,74,3a,56,81,78,73,48,00,47,00,50,76,78,7b,78,83,88,3a,62,7f,77,74,81,74,00,47,00,55,78,7b,7b,82,3a,74,7c,7f,83,88,3a,7d,7e,73,74,82,3a,7e,7d,3a,62,7f,77,74,81,74,3a,56,81,78,73,48,00,47,00,54,85,70,82,78,7e,7d,3a,62,7f,77,74,81,74,00,47,00,55,78,7b,7b,82,3a,74,7c,7f,83,88,3a,7d,7e,73,74,82,3a,7e,7d,3a,62,7f,77,74,81,74,3a,56,81,78,73,48,00,47,00,50,72,72,84,81,70,72,88,3a,62,7f,77,74,81,74,00,47,00,55,78,7b,7b,82,3a,74,7c,7f,83,88,3a,7d,7e,73,74,82,3a,7e,7d,3a,62,7f,77,74,81,74,3a,56,81,78,73,48,00,47,00,5b,84,72,7a,3a,62,7f,77,74,81,74,00,47,00,55,78,7b,7b,82,3a,74,7c,7f,83,88,3a,7d,7e,73,74,82,3a,7e,7d,3a,62,7f,77,74,81,74,3a,56,81,78,73,48,00,47,00,52,7b,74,70,81,3a,62,7f,77,74,81,74,00,47,00,52,7b,74,70,81,82,3a,7d,7e,73,74,82,3a,75,81,7e,7c,3a,62,7f,77,74,81,74,3a,56,81,78,73,48,00,47,00,61,74,83,84,81,7d,3a,62,7f,77,74,81,74,00,47,00,52,77,70,7d,76,74,82,3a,72,84,81,81,74,7d,83,3a,7b,7e,72,70,83,78,7e,7d,3a,7e,7d,3a,62,7f,77,74,81,74,3a,56,81,78,73,48,00,47,00,55,81,78,74,7d,73,3a,62,7f,77,74,81,74,00,47,00,52,77,70,7d,76,74,82,3a,72,84,81,81,74,7d,83,3a,7b,7e,72,70,83,78,7e,7d,3a,7e,7d,3a,62,7f,77,74,81,74,3a,56,81,78,73,48,00,47,00,63,74,7b,74,7f,7e,81,83,3a,62,7f,77,74,81,74,00,47,00,52,77,70,7d,76,74,82,3a,72,84,81,81,74,7d,83,3a,7b,7e,72,70,83,78,7e,7d,3a,7e,7d,3a,62,7f,77,74,81,74,3a,56,81,78,73,48,00,47,00,66,70,81,7f,3a,62,7f,77,74,81,74,00,47,00,52,77,70,7d,76,74,82,3a,72,84,81,81,74,7d,83,3a,7b,7e,72,70,83,78,7e,7d,3a,7e,7d,3a,62,7f,77,74,81,74,3a,56,81,78,73,48,00,47,00,5c,70,7f,00,47,00,53,78,82,7f,7b,70,88,82,3a,86,7e,81,7b,73,3a,7c,70,7f,48,00,47,00,61,74,7d,70,7c,74,3a,52,70,81,73,00,47,00,61,74,7d,70,7c,74,82,3a,70,74,7e,7d,48,00,47,00,5c,84,82,7a,00,47,00,63,77,74,81,74,3a,82,74,74,7c,82,3a,83,7e,3a,71,74,3a,82,7e,7c,74,3a,84,82,74,3a,75,7e,81,3a,83,77,78,82,48,48,48,00,47,00,57,88,7f,74,7b,7b,7e,3a,5f,7e,83,78,7e,7d,00,47,00,63,77,74,81,74,3a,82,74,74,7c,82,3a,83,7e,3a,71,74,3a,82,7e,7c,74,3a,84,82,74,3a,75,7e,81,3a,83,77,78,82,48,48,48,00,47,00,62,77,78,7d,78,7d,76,3a,63,77,7e,81,7d,00,47,00,63,77,74,81,74,3a,82,74,74,7c,82,3a,83,7e,3a,71,74,3a,82,7e,7c,74,3a,84,82,74,3a,75,7e,81,3a,83,77,78,82,48,48,48,00,47,00,5f,74,7d,73,84,7b,84,7c,00,47,00,63,77,74,81,74,3a,82,74,74,7c,82,3a,83,7e,3a,71,74,3a,82,7e,7c,74,3a,84,82,74,3a,75,7e,81,3a,83,77,78,82,48,48,48,00,47,00,50,7c,84,7b,74,83,00,47,00,63,77,74,81,74,3a,82,74,74,7c,82,3a,83,7e,3a,71,74,3a,82,7e,7c,74,3a,84,82,74,3a,75,7e,81,3a,83,77,78,82,48,48,48,00,47,00,53,7e,7e,81,3a,83,7e,3a,63,7e,7c,7e,81,81,7e,86,00,47,00,63,77,74,81,74,3a,82,74,74,7c,82,3a,83,7e,3a,71,74,3a,82,7e,7c,74,3a,84,82,74,3a,75,7e,81,3a,83,77,78,82,48,48,48,00,47,00,66,78,7d,76,82,3a,83,7e,3a,53,78,82,72,7e,85,74,81,88,00,47,00,63,77,74,81,74,3a,82,74,74,7c,82,3a,83,7e,3a,71,74,3a,82,7e,7c,74,3a,84,82,74,3a,75,7e,81,3a,83,77,78,82,48,48,48,00,47,00,56,70,7c,71,7b,74,81,41,82,3a,62,7f,78,81,78,83,00,47,00,63,77,74,81,74,3a,82,74,74,7c,82,3a,83,7e,3a,71,74,3a,82,7e,7c,74,3a,84,82,74,3a,75,7e,81,3a,83,77,78,82,48,48,48,00,47,00,64,7d,73,74,81,73,7e,76,41,82,3a,62,74,72,81,74,83,00,47,00,63,77,74,81,74,3a,82,74,74,7c,82,3a,83,7e,3a,71,74,3a,82,7e,7c,74,3a,84,82,74,3a,75,7e,81,3a,83,77,78,82,48,48,48,00,47,00,66,78,7d,7d,78,7d,76,3a,55,7e,81,7c,84,7b,70,00,47,00,63,77,74,81,74,3a,82,74,74,7c,82,3a,83,7e,3a,71,74,3a,82,7e,7c,74,3a,84,82,74,3a,75,7e,81,3a,83,77,78,82,48,48,48,00,47,00